"customer_id","rfm_score"
"17643","1-5-5"
"13747","1-1-5"
"15165","1-5-4"
"17908","1-5-5"
"12791","1-2-5"
"18011","1-5-5"
"18074","1-5-3"
"17968","1-5-4"
"14729","1-5-4"
"14237","1-5-5"
"15350","1-5-5"
"16583","1-5-5"
"14142","1-5-4"
"13065","1-5-5"
"16274","1-5-4"
"17976","1-5-4"
"16752","1-5-5"
"12855","1-3-5"
"12738","1-5-5"
"15070","1-1-5"
"16754","1-2-2"
"14576","1-1-5"
"17732","1-5-4"
"15923","1-5-5"
"17925","1-1-5"
"16510","1-5-5"
"17855","1-5-5"
"13108","1-5-4"
"13011","1-3-5"
"15922","1-5-4"
"14589","1-3-5"
"12725","1-5-4"
"17967","1-5-5"
"16926","1-5-5"
"12686","1-5-5"
"14813","1-5-5"
"16718","1-5-3"
"15880","1-5-4"
"18113","1-1-5"
"15899","1-4-5"
"17860","1-5-4"
"16658","1-5-5"
"13807","1-5-5"
"16125","1-5-4"
"15180","1-5-5"
"13786","1-5-5"
"18119","1-5-5"
"13270","1-1-3"
"16858","1-5-4"
"14821","1-2-5"
"16893","1-5-5"
"15332","1-5-2"
"15347","1-5-5"
"16679","1-3-5"
"12441","1-5-5"
"13370","1-5-3"
"15221","1-5-4"
"16781","1-5-4"
"16795","1-5-4"
"17978","1-5-4"
"16065","1-5-4"
"14932","1-5-4"
"15945","1-2-5"
"14355","1-5-5"
"17456","1-5-5"
"16565","1-3-5"
"14082","1-5-5"
"16727","1-5-4"
"17880","1-5-4"
"15723","1-5-5"
"14413","1-5-5"
"17251","1-5-4"
"15454","1-5-5"
"18004","1-5-5"
"15503","1-5-5"
"16665","1-5-5"
"15361","1-5-4"
"17524","1-5-5"
"17303","1-5-4"
"16499","1-5-4"
"16202","1-5-4"
"12797","1-5-4"
"16812","1-5-4"
"13948","1-3-5"
"13295","1-5-5"
"17752","1-1-5"
"17525","1-5-4"
"17551","1-5-4"
"18050","1-5-5"
"15789","1-5-4"
"17496","1-5-4"
"15224","1-5-4"
"17691","1-5-4"
"13874","1-5-3"
"18269","1-5-5"
"14373","1-4-5"
"15204","1-5-4"
"15160","1-4-5"
"12551","1-5-5"
"13033","1-5-5"
"17343","1-5-5"
"15460","1-5-5"
"15279","1-5-4"
"13369","1-5-4"
"12515","1-5-4"
"18176","1-5-4"
"16270","1-5-2"
"12734","1-4-5"
"13922","1-5-5"
"13304","1-5-4"
"15562","1-1-5"
"16282","1-5-5"
"15464","1-5-2"
"15266","1-5-5"
"13187","1-5-5"
"15823","1-5-5"
"12386","1-5-4"
"15607","1-5-5"
"15649","1-1-3"
"14889","1-5-5"
"12489","1-5-4"
"12793","1-5-3"
"17128","1-5-5"
"18032","1-5-5"
"12651","1-5-5"
"16850","1-5-4"
"15326","1-5-4"
"17569","1-5-4"
"13144","1-3-5"
"12736","1-4-5"
"15346","1-5-4"
"16351","1-5-5"
"14270","1-5-3"
"14185","1-3-5"
"17406","1-5-1"
"18085","1-5-3"
"15447","1-5-5"
"16315","1-5-5"
"15510","1-1-5"
"15100","1-1-3"
"12672","1-5-5"
"18106","1-5-4"
"13385","1-5-3"
"18212","1-5-5"
"13859","1-5-5"
"15316","1-1-5"
"14238","1-5-5"
"12872","1-5-3"
"18233","1-1-4"
"13898","1-5-5"
"15395","1-5-5"
"12346","1-1-1"
"14090","1-1-5"
"12665","1-3-5"
"15171","1-5-2"
"15422","1-5-5"
"15262","1-5-5"
"17862","1-5-4"
"12402","1-5-5"
"13008","1-5-5"
"16387","1-4-5"
"12652","1-5-3"
"12829","1-5-4"
"15174","1-5-5"
"17890","1-5-3"
"13284","1-5-5"
"14068","1-5-4"
"15167","1-5-5"
"17714","1-5-5"
"13551","1-4-5"
"14368","1-5-5"
"15820","1-5-5"
"14439","1-5-1"
"15052","1-5-5"
"14130","1-5-4"
"14782","1-5-5"
"14248","1-5-4"
"17094","1-5-4"
"15213","1-5-4"
"16757","1-5-5"
"16222","1-5-3"
"13002","1-5-5"
"13703","1-1-5"
"15222","1-5-3"
"17118","1-5-5"
"15661","1-4-4"
"12591","1-5-4"
"16124","1-5-5"
"12764","1-5-2"
"13328","1-5-2"
"12501","1-5-1"
"12574","1-5-5"
"12735","1-5-3"
"12377","1-5-2"
"17062","1-5-3"
"13161","1-5-5"
"15415","1-5-3"
"17431","1-5-4"
"13615","1-5-4"
"15448","1-5-3"
"17239","1-5-4"
"17619","1-5-5"
"13600","1-5-5"
"18095","1-5-3"
"15881","1-5-3"
"13506","1-5-4"
"15107","1-5-4"
"14850","1-5-4"
"13494","1-5-4"
"14496","1-5-3"
"17356","1-5-5"
"12373","1-5-4"
"15940","1-2-5"
"14549","1-5-4"
"17912","1-5-4"
"17223","1-5-4"
"12350","1-5-4"
"14457","1-4-5"
"15226","1-5-5"
"14411","1-5-2"
"12559","1-5-3"
"13581","1-5-5"
"16030","1-5-4"
"13800","1-5-3"
"17226","1-5-4"
"17517","1-5-5"
"13963","1-5-3"
"17291","1-1-3"
"15090","1-5-4"
"14438","1-5-5"
"17392","1-5-4"
"12956","1-5-5"
"13584","1-5-5"
"15808","1-5-1"
"14600","1-5-4"
"13809","1-5-5"
"15753","1-1-5"
"17881","1-5-5"
"17859","1-5-5"
"15843","1-5-5"
"12401","1-5-5"
"17358","1-5-4"
"17843","1-5-5"
"15970","1-5-4"
"16405","1-3-5"
"12561","1-5-5"
"16425","1-5-4"
"17850","1-5-1"
"16725","1-5-3"
"13706","1-5-4"
"16403","1-5-5"
"18159","1-5-3"
"12410","1-5-3"
"13819","1-5-2"
"17334","1-5-4"
"14497","1-5-4"
"18250","1-5-4"
"13672","1-5-5"
"16084","1-5-4"
"16897","1-5-4"
"15236","1-5-4"
"17829","1-5-3"
"14431","1-5-4"
"14176","1-5-3"
"14935","1-5-2"
"13893","1-5-3"
"16738","1-1-5"
"14386","1-5-5"
"16494","1-5-3"
"16509","1-5-4"
"16148","1-1-5"
"15670","1-5-5"
"18138","1-5-5"
"14371","1-4-5"
"13932","1-5-4"
"14760","1-5-5"
"16765","1-1-5"
"12988","1-5-3"
"16073","1-1-5"
"13044","1-5-3"
"12365","1-5-3"
"12707","1-5-3"
"16349","1-5-5"
"16546","1-5-3"
"15303","1-5-3"
"18114","1-5-5"
"12852","1-5-4"
"16913","1-5-5"
"15397","1-5-5"
"17171","1-5-5"
"17499","1-5-3"
"18068","1-1-5"
"15543","1-5-5"
"16072","1-5-3"
"16997","1-5-3"
"13751","1-5-4"
"18056","1-5-4"
"17117","1-5-5"
"12945","1-5-4"
"13753","1-5-3"
"12361","1-5-5"
"13973","1-5-4"
"13684","1-5-5"
"16339","1-5-5"
"14036","1-5-3"
"17165","1-5-5"
"12509","1-5-5"
"14046","1-5-5"
"15319","1-5-5"
"12866","1-5-3"
"16078","1-1-5"
"15709","1-5-5"
"15456","1-5-4"
"13166","1-5-4"
"13497","1-5-4"
"17923","1-1-5"
"12834","1-5-4"
"16792","1-5-5"
"12873","1-4-4"
"15733","1-5-5"
"15257","1-5-4"
"13715","1-5-2"
"12817","1-4-5"
"17995","1-2-5"
"12565","1-5-5"
"16159","1-5-4"
"17789","1-5-5"
"15087","1-5-4"
"14779","1-5-4"
"14570","1-5-5"
"17535","1-5-5"
"17508","1-5-4"
"17325","1-5-5"
"14670","1-5-4"
"13382","1-5-5"
"14247","1-5-5"
"15869","1-5-5"
"17654","1-5-5"
"16598","1-5-5"
"14048","1-5-4"
"12614","1-5-4"
"16517","1-5-5"
"14012","1-5-4"
"18280","1-5-5"
"15554","1-5-5"
"12623","1-5-4"
"16917","1-5-4"
"15944","1-5-4"
"17639","1-5-5"
"15234","1-5-5"
"13345","1-5-4"
"12881","1-5-4"
"17138","1-5-4"
"13493","1-5-3"
"15057","1-5-2"
"14165","1-5-5"
"16625","1-5-4"
"16471","1-5-5"
"18086","1-5-5"
"14727","1-5-4"
"14603","1-2-3"
"14114","1-5-4"
"17194","1-5-4"
"16766","1-5-2"
"13133","1-5-5"
"15049","1-3-5"
"13226","1-5-5"
"13708","1-5-4"
"14962","1-5-5"
"14350","1-5-4"
"15388","1-5-5"
"15308","1-5-4"
"13121","1-5-4"
"16037","1-5-3"
"17542","1-5-5"
"16392","1-5-5"
"15047","1-5-4"
"13716","1-5-5"
"16152","1-5-2"
"13261","1-5-2"
"13358","1-5-4"
"13299","1-5-5"
"16216","1-5-3"
"16377","1-5-3"
"13185","1-1-5"
"13707","1-5-3"
"14840","1-4-5"
"13216","1-5-4"
"13093","1-5-1"
"14081","1-5-3"
"12845","1-5-4"
"12514","1-5-2"
"16976","1-2-4"
"14155","1-5-5"
"14633","1-5-4"
"13072","1-5-5"
"17060","1-5-5"
"14059","1-5-5"
"16716","1-1-3"
"15695","1-5-4"
"14066","1-5-5"
"14041","1-5-5"
"15019","1-5-4"
"16096","1-5-4"
"15408","1-5-4"
"14693","1-5-5"
"12902","1-5-5"
"16402","1-5-4"
"15703","1-5-5"
"17230","1-5-1"
"15445","1-5-5"
"17763","1-1-5"
"13934","1-5-3"
"16427","1-5-5"
"17678","1-5-4"
"18224","1-5-5"
"14762","1-5-4"
"13262","1-5-5"
"15437","1-5-5"
"15457","1-5-5"
"16721","1-5-4"
"16135","1-5-3"
"12831","1-5-5"
"14632","1-5-5"
"17507","1-5-3"
"12564","1-5-4"
"13239","1-5-4"
"14870","1-5-4"
"16250","1-5-4"
"13132","1-3-5"
"18191","1-5-5"
"17486","1-5-4"
"17102","1-1-5"
"16769","1-5-4"
"14348","1-5-4"
"15178","1-3-5"
"12811","1-5-3"
"16063","1-5-4"
"16022","1-5-3"
"17698","1-5-5"
"13512","1-5-4"
"13341","1-5-3"
"14536","1-5-5"
"13452","1-1-3"
"14476","1-5-5"
"18071","1-5-4"
"16256","1-5-3"
"13357","1-5-3"
"16692","1-2-2"
"18010","1-5-5"
"12792","1-5-4"
"13368","1-5-3"
"15032","1-5-1"
"15083","1-5-5"
"13649","1-5-4"
"13439","1-5-4"
"16980","1-5-2"
"13803","1-5-4"
"15832","1-5-3"
"17775","1-3-5"
"15424","1-5-4"
"15528","1-5-5"
"15353","1-5-3"
"14256","1-5-2"
"14890","1-5-5"
"16619","1-5-5"
"17212","1-4-5"
"14479","1-5-4"
"13043","1-5-3"
"15894","1-5-4"
"14957","1-5-5"
"13060","1-5-4"
"17701","1-5-4"
"13841","1-1-5"
"17580","1-5-5"
"14886","1-5-4"
"16162","1-2-5"
"15589","1-5-4"
"13626","1-5-4"
"15691","1-2-5"
"13781","1-5-5"
"13059","1-5-5"
"17956","1-1-5"
"18185","1-5-4"
"12755","1-5-1"
"16142","1-5-3"
"18108","1-5-4"
"16105","1-5-4"
"17492","1-5-4"
"15442","1-2-3"
"16586","1-5-4"
"17140","1-5-4"
"17438","1-5-4"
"15917","1-5-5"
"16378","1-5-4"
"17906","1-5-5"
"14747","1-5-4"
"14964","1-5-5"
"14220","1-5-3"
"13718","1-5-4"
"12580","1-5-4"
"14465","1-5-2"
"13712","1-5-5"
"16144","1-1-5"
"14981","1-5-5"
"17035","1-5-4"
"15775","1-5-5"
"16643","1-5-4"
"13863","1-5-4"
"16623","1-5-5"
"16010","1-5-4"
"15119","1-5-4"
"14924","1-5-4"
"18129","1-5-5"
"13508","1-5-5"
"13570","1-5-5"
"12447","1-5-4"
"13501","1-5-2"
"17574","1-5-5"
"14616","1-2-4"
"16552","1-5-4"
"16697","1-5-5"
"13484","1-5-4"
"15363","1-5-4"
"17972","1-5-5"
"15777","1-5-2"
"17278","1-5-5"
"14669","1-5-2"
"13740","1-5-4"
"15109","1-5-4"
"13221","1-5-3"
"16097","1-5-5"
"15139","1-5-5"
"14619","1-5-4"
"16957","1-5-4"
"12982","1-5-4"
"15935","1-5-4"
"14154","1-5-2"
"14206","1-5-4"
"17362","1-5-4"
"17601","1-5-5"
"15230","1-5-4"
"15212","1-5-5"
"17142","1-5-3"
"17367","1-5-5"
"12582","1-5-3"
"13120","1-1-5"
"15246","1-5-3"
"12769","1-5-2"
"12639","1-5-4"
"14532","1-5-3"
"17582","1-5-5"
"18213","1-5-5"
"17990","1-5-3"
"13474","1-5-5"
"17697","1-5-4"
"16193","1-5-4"
"15749","1-5-1"
"16617","1-5-5"
"16217","1-5-4"
"15973","1-4-4"
"18009","1-5-4"
"12754","1-5-1"
"16947","1-5-4"
"13101","1-5-5"
"12733","1-5-4"
"15717","1-5-5"
"14339","1-5-4"
"14242","1-5-4"
"17217","1-5-5"
"14326","1-5-5"
"14672","1-5-3"
"12585","1-5-2"
"15225","1-5-4"
"17746","1-5-5"
"17120","1-5-4"
"14148","1-3-5"
"15655","1-5-3"
"17946","1-5-5"
"15517","1-5-4"
"15135","1-5-5"
"13485","1-5-4"
"17718","1-5-5"
"13482","1-5-5"
"12354","1-5-2"
"16587","1-5-5"
"12506","1-5-5"
"14770","1-5-3"
"12622","1-5-5"
"16823","1-5-4"
"14586","1-5-5"
"16834","1-5-4"
"12573","1-5-5"
"17277","1-5-2"
"17670","1-5-5"
"17187","1-5-5"
"16965","1-5-5"
"16698","1-4-2"
"15891","1-5-3"
"14271","1-5-5"
"15210","1-5-4"
"15223","1-5-3"
"14022","1-5-4"
"15143","1-5-4"
"13229","1-5-5"
"14311","1-5-4"
"16163","1-5-3"
"17991","1-4-5"
"17893","1-5-5"
"16634","1-5-5"
"14304","1-5-4"
"17501","1-5-4"
"16055","1-5-5"
"17646","1-5-2"
"13731","1-5-3"
"16610","1-5-5"
"16227","1-5-4"
"18220","1-2-4"
"17394","1-4-5"
"17443","1-1-3"
"17849","1-5-3"
"16714","1-5-2"
"14199","1-2-5"
"14340","1-5-5"
"16457","1-5-5"
"18183","1-5-3"
"16109","1-5-3"
"14393","1-5-5"
"17374","1-5-3"
"14423","1-3-4"
"18239","1-5-2"
"15147","1-5-3"
"15759","1-5-4"
"13711","1-5-4"
"14697","1-5-5"
"16990","1-1-5"
"17548","1-5-5"
"17174","1-4-5"
"15668","1-1-5"
"13723","1-5-5"
"15552","1-5-5"
"15235","1-5-1"
"18227","1-5-5"
"18078","1-5-4"
"16319","1-3-4"
"12414","1-5-3"
"17604","1-5-4"
"14353","1-5-5"
"13642","1-5-4"
"15092","1-5-4"
"13561","1-5-5"
"14161","1-5-2"
"14699","1-5-5"
"12888","1-4-4"
"12355","1-5-4"
"12821","1-5-5"
"18120","1-5-5"
"16756","1-5-5"
"17597","1-5-2"
"16431","1-5-3"
"13990","1-5-4"
"15063","1-5-4"
"16306","1-5-3"
"15381","1-5-3"
"13052","1-5-4"
"16297","1-5-4"
"14149","1-5-4"
"15732","1-5-4"
"15079","1-5-3"
"17889","1-5-5"
"14288","1-5-4"
"14920","1-5-2"
"14988","1-5-4"
"16244","1-5-2"
"18133","1-2-3"
"17970","1-5-3"
"13837","1-5-4"
"12625","1-5-1"
"16006","1-5-5"
"16943","1-5-3"
"13952","1-5-1"
"12976","1-5-3"
"13235","1-5-2"
"12770","1-5-2"
"12857","1-5-2"
"14873","1-5-3"
"15333","1-5-2"
"14689","1-5-5"
"17263","1-5-5"
"15813","1-5-2"
"14888","1-5-4"
"14489","1-5-4"
"14320","1-5-4"
"17504","1-5-1"
"13976","1-5-4"
"18218","1-5-3"
"14000","1-5-3"
"17556","1-5-5"
"16116","1-5-3"
"13531","1-5-4"
"12690","1-5-4"
"13572","1-5-2"
"17871","1-5-5"
"15648","1-5-3"
"12897","1-3-5"
"12353","1-4-5"
"13762","1-5-4"
"13887","1-5-4"
"14896","1-5-4"
"17245","1-5-5"
"14620","1-5-4"
"13151","1-5-2"
"13243","1-5-3"
"17455","1-5-5"
"18048","1-5-5"
"16226","1-5-4"
"13391","1-1-5"
"15724","1-5-5"
"15705","1-5-5"
"14195","1-5-2"
"15292","1-5-5"
"13227","1-5-4"
"14647","1-5-5"
"17176","1-5-4"
"17715","1-1-4"
"13339","1-5-3"
"14817","1-5-2"
"13223","1-5-5"
"13737","1-5-4"
"15042","1-5-5"
"18202","1-5-2"
"15314","1-5-4"
"15729","1-5-5"
"14009","1-5-3"
"16448","1-5-5"
"13479","1-5-4"
"17955","1-5-3"
"15882","1-5-3"
"14705","1-1-5"
"17770","1-5-2"
"14985","1-5-4"
"16356","1-5-5"
"12974","1-5-5"
"13659","1-5-2"
"14816","1-4-4"
"17550","1-5-4"
"16838","1-5-3"
"12547","1-5-5"
"12999","1-5-4"
"16275","1-5-3"
"14280","1-5-5"
"16323","1-1-5"
"16034","1-5-4"
"13135","1-1-1"
"14828","1-5-1"
"15897","1-5-5"
"17152","1-5-2"
"16567","1-5-3"
"17051","1-5-5"
"12426","1-5-3"
"15925","1-5-5"
"16889","1-5-2"
"16483","1-5-5"
"12790","1-5-4"
"18231","1-5-1"
"18190","1-5-4"
"13398","1-5-4"
"16810","1-5-4"
"17454","1-5-3"
"13070","1-5-5"
"17472","1-5-3"
"14740","1-5-2"
"16424","1-5-5"
"13062","1-5-4"
"13475","1-5-2"
"14377","1-5-3"
"17578","1-5-5"
"15658","1-5-2"
"16449","1-5-3"
"15918","1-5-4"
"16529","1-5-4"
"12590","1-5-1"
"14453","1-5-5"
"17375","1-5-4"
"16117","1-5-5"
"16967","1-5-4"
"13885","1-5-3"
"15405","1-5-4"
"16230","1-5-3"
"12601","1-5-3"
"13294","1-5-3"
"15508","1-5-2"
"16659","1-2-5"
"14512","1-5-4"
"13682","1-3-5"
"14682","1-1-5"
"16883","1-5-4"
"17708","1-5-4"
"16963","1-5-5"
"15386","1-5-4"
"16611","1-5-5"
"16849","1-5-5"
"16520","1-5-2"
"15852","1-5-5"
"17987","1-5-5"
"12868","1-5-2"
"17026","1-4-5"
"17124","1-5-4"
"16763","1-5-3"
"17874","1-5-3"
"12891","1-2-4"
"17707","1-3-5"
"17854","1-5-4"
"13395","1-5-4"
"14867","1-5-3"
"14375","1-5-4"
"14542","1-5-5"
"14625","1-5-3"
"16832","1-5-5"
"17409","1-5-3"
"16955","1-5-3"
"14622","1-5-4"
"12383","1-5-2"
"16113","1-5-5"
"12802","1-5-4"
"13811","1-5-3"
"13900","1-5-3"
"14241","1-5-5"
"13462","1-5-5"
"15780","1-5-4"
"16614","1-5-3"
"17234","1-5-5"
"15609","1-5-4"
"13686","1-5-5"
"15098","1-2-1"
"13533","1-5-4"
"14450","1-5-4"
"18281","1-5-5"
"14823","1-5-4"
"14231","1-5-3"
"15643","1-5-3"
"14573","1-5-2"
"13663","1-5-5"
"13080","1-5-5"
"12732","1-5-5"
"15069","1-5-2"
"17349","1-5-5"
"17795","1-5-4"
"12818","1-5-2"
"17179","1-5-3"
"17749","1-5-3"
"15912","1-5-4"
"13476","1-5-2"
"18165","1-5-4"
"16461","1-5-5"
"16644","1-5-3"
"14222","1-5-3"
"17536","1-3-5"
"15574","1-5-3"
"16257","1-2-5"
"16276","1-5-3"
"17446","1-5-5"
"13951","1-5-3"
"14245","1-5-2"
"15219","1-5-4"
"18168","1-5-2"
"15585","1-5-4"
"14037","1-5-5"
"14491","2-5-4"
"14162","2-5-4"
"16805","2-5-4"
"13568","2-5-5"
"13618","2-5-5"
"17879","2-5-5"
"18062","2-5-3"
"15909","2-5-5"
"13005","2-5-3"
"12837","2-5-5"
"15535","2-5-3"
"17616","2-1-3"
"16484","2-5-4"
"16050","2-5-5"
"15389","2-1-3"
"15700","2-5-3"
"15825","2-5-3"
"15076","2-5-3"
"15280","2-5-5"
"15016","2-5-5"
"13343","2-5-4"
"16320","2-5-2"
"18260","2-5-1"
"16739","2-5-4"
"15921","2-5-4"
"17897","2-5-3"
"15507","2-5-3"
"16526","2-5-4"
"15412","2-5-5"
"17960","2-5-5"
"13936","2-5-4"
"16247","2-5-5"
"14998","2-5-4"
"14643","2-5-3"
"16114","2-5-5"
"16214","2-5-2"
"17877","2-5-5"
"15041","2-5-5"
"13929","2-5-3"
"17630","2-5-3"
"15130","2-5-4"
"15384","2-5-3"
"17709","2-5-5"
"16287","2-5-5"
"13937","2-5-5"
"16647","2-5-5"
"14656","2-5-4"
"15379","2-5-1"
"14584","2-5-2"
"17204","2-5-2"
"13856","2-5-4"
"17704","2-5-3"
"15665","2-5-1"
"12809","2-5-4"
"15258","2-5-3"
"17969","2-5-5"
"14795","2-5-5"
"12548","2-5-5"
"15644","2-5-3"
"15104","2-5-2"
"12493","2-5-4"
"13453","2-5-4"
"17980","2-5-3"
"17110","2-5-5"
"15976","2-5-4"
"15146","2-5-2"
"16545","2-3-4"
"14481","2-5-3"
"17900","2-4-5"
"16473","2-5-4"
"13300","2-5-4"
"14351","2-1-5"
"13656","2-5-4"
"17391","2-2-3"
"16801","2-5-2"
"16553","2-5-1"
"17408","2-2-5"
"15537","2-5-5"
"14327","2-5-4"
"15578","2-5-5"
"12424","2-5-2"
"17891","2-5-5"
"14803","2-5-3"
"17505","2-5-2"
"15483","2-5-5"
"17123","2-5-4"
"12922","2-5-4"
"16498","2-5-5"
"17781","2-5-5"
"17939","2-5-5"
"13833","2-5-4"
"17105","2-5-3"
"15007","2-5-5"
"17899","2-5-5"
"16344","2-1-5"
"17464","2-5-4"
"17765","2-5-4"
"15349","2-5-4"
"13826","2-5-5"
"14338","2-5-3"
"16338","2-5-5"
"16146","2-5-3"
"13085","2-5-4"
"18203","2-5-5"
"14352","2-5-2"
"17046","2-5-3"
"15646","2-5-4"
"15334","2-5-4"
"15889","2-5-4"
"16829","2-5-5"
"17341","2-5-3"
"13253","2-5-2"
"12450","2-5-5"
"14645","2-5-3"
"16919","2-5-1"
"12977","2-5-5"
"12980","2-5-1"
"13291","2-5-4"
"15512","2-5-5"
"18013","2-5-5"
"13302","2-1-5"
"14021","2-5-3"
"14459","2-5-2"
"16581","2-5-5"
"13583","2-5-3"
"13699","2-5-4"
"18072","2-5-5"
"12648","2-5-4"
"14264","2-5-4"
"13955","2-5-4"
"18037","2-5-5"
"14104","2-5-5"
"15920","2-5-5"
"14016","2-5-1"
"15182","2-5-3"
"14905","2-5-3"
"13338","2-5-4"
"16091","2-5-4"
"17787","2-5-2"
"17126","2-5-2"
"18024","2-5-4"
"12717","2-5-2"
"13754","2-5-4"
"17337","2-5-2"
"14552","2-5-5"
"15265","2-5-2"
"18142","2-5-2"
"13678","2-5-5"
"13675","2-5-4"
"15577","2-5-4"
"13745","2-5-4"
"15045","2-5-3"
"12669","2-5-1"
"18193","2-5-5"
"14548","2-2-3"
"14267","2-5-2"
"16450","2-5-4"
"15795","2-5-3"
"13667","2-5-4"
"15895","2-5-5"
"14483","2-5-5"
"18121","2-5-3"
"16998","2-2-4"
"12653","2-5-1"
"17259","2-5-3"
"12915","2-5-4"
"14847","2-5-4"
"15402","2-5-3"
"14891","2-5-3"
"15256","2-5-5"
"12405","2-5-2"
"14461","2-5-1"
"17444","2-5-1"
"12815","2-5-2"
"14722","2-5-5"
"17440","2-3-5"
"14958","2-5-3"
"15004","2-5-2"
"17948","2-1-4"
"13967","2-2-5"
"15716","2-5-2"
"16054","2-5-3"
"17984","2-5-5"
"12833","2-5-4"
"16398","2-5-2"
"14758","2-5-2"
"13564","2-5-2"
"13821","2-5-4"
"12875","2-1-4"
"14117","2-3-5"
"12468","2-5-3"
"12947","2-5-2"
"12840","2-5-1"
"15713","2-5-4"
"14437","2-5-5"
"16112","2-5-5"
"12521","2-5-3"
"17866","2-5-4"
"16807","2-5-2"
"15802","2-1-4"
"17962","2-5-5"
"12510","2-5-2"
"14400","2-5-3"
"16654","2-5-3"
"14259","2-5-5"
"15108","2-5-2"
"17660","2-5-5"
"15623","2-5-4"
"17694","2-5-4"
"15704","2-5-1"
"16866","2-5-5"
"18262","2-5-5"
"18146","2-5-5"
"16178","2-5-5"
"13802","2-5-1"
"17935","2-5-5"
"16305","2-5-4"
"17312","2-5-3"
"17265","2-5-3"
"16948","2-5-4"
"12864","2-3-5"
"13037","2-5-3"
"12763","2-5-3"
"12916","2-5-1"
"13296","2-5-5"
"15372","2-5-2"
"17040","2-5-4"
"14692","2-5-3"
"14100","2-5-5"
"17693","2-5-5"
"15855","2-5-3"
"13492","2-5-2"
"13194","2-3-5"
"15261","2-5-4"
"16696","2-5-3"
"13730","2-5-3"
"16447","2-5-4"
"15746","2-5-5"
"18151","2-5-3"
"15245","2-5-1"
"13420","2-5-5"
"17649","2-5-3"
"12453","2-5-3"
"12743","2-5-3"
"14002","2-5-3"
"15118","2-1-5"
"15639","2-5-4"
"17931","2-5-4"
"12507","2-5-2"
"18268","2-1-5"
"14143","2-5-5"
"13414","2-5-2"
"15776","2-5-5"
"15149","2-5-3"
"15942","2-5-4"
"16147","2-5-4"
"17926","2-5-4"
"18064","2-5-3"
"15438","2-5-5"
"17695","2-5-3"
"12942","2-5-3"
"14885","2-5-3"
"12534","2-5-2"
"17282","2-5-2"
"17615","2-5-4"
"17941","2-2-4"
"14403","2-5-2"
"12378","2-5-1"
"17553","2-2-2"
"17353","2-5-2"
"15120","2-5-4"
"14133","2-5-3"
"17887","2-5-5"
"14076","2-5-5"
"12644","2-5-4"
"13075","2-5-3"
"17514","2-5-5"
"13106","2-1-5"
"14972","2-5-5"
"17053","2-5-3"
"15374","2-3-5"
"12643","2-5-1"
"12750","2-5-4"
"12917","2-2-3"
"16835","2-5-5"
"16324","2-5-4"
"17723","2-4-1"
"14778","2-5-3"
"18099","2-5-5"
"13218","2-5-5"
"15133","2-5-2"
"15254","2-5-4"
"13402","2-5-3"
"16572","2-5-2"
"17692","2-5-3"
"14344","2-5-3"
"17267","2-5-4"
"13513","2-5-5"
"13082","2-5-1"
"17457","2-5-2"
"16174","2-5-2"
"17400","2-5-1"
"13752","2-5-2"
"14053","2-2-4"
"14079","2-5-4"
"14331","2-5-4"
"13248","2-5-4"
"16951","2-5-2"
"17331","2-1-5"
"13869","2-5-1"
"15985","2-5-2"
"16788","2-5-3"
"17085","2-5-2"
"15247","2-5-4"
"13217","2-3-3"
"13280","2-5-3"
"12929","2-5-5"
"14127","2-5-3"
"13162","2-5-2"
"13355","2-5-3"
"13388","2-5-3"
"14024","2-5-4"
"17994","2-5-3"
"12693","2-5-3"
"17429","2-5-3"
"13645","2-5-4"
"14346","2-5-2"
"15581","2-5-1"
"13722","2-5-1"
"13307","2-1-5"
"17531","2-5-4"
"17248","2-5-4"
"16317","2-5-2"
"14855","2-5-3"
"14406","2-5-5"
"12399","2-5-2"
"17122","2-5-5"
"13888","2-5-3"
"15192","2-5-2"
"16045","2-5-2"
"17642","2-5-3"
"15689","2-5-4"
"13873","2-5-4"
"13116","2-5-3"
"16292","2-5-4"
"15683","2-5-5"
"18143","2-5-2"
"13621","2-5-5"
"17252","2-5-4"
"12758","2-5-1"
"16902","2-5-2"
"13720","2-5-3"
"17958","2-5-3"
"16272","2-5-4"
"13799","2-5-3"
"15480","2-5-3"
"16961","2-5-5"
"15342","2-5-4"
"15624","2-5-3"
"12641","2-5-5"
"14006","2-5-2"
"16927","2-5-3"
"14918","2-5-2"
"15002","2-5-2"
"15768","2-5-3"
"17048","2-5-3"
"17070","2-5-4"
"14323","2-5-3"
"18073","2-5-1"
"17398","2-5-3"
"16755","2-5-2"
"15734","2-5-2"
"15541","2-5-5"
"13655","2-5-3"
"16582","2-5-4"
"13027","2-5-1"
"18178","2-5-2"
"13273","2-5-5"
"15472","2-5-4"
"17742","2-5-4"
"17045","2-5-4"
"12729","2-5-4"
"15232","2-5-3"
"18248","2-5-3"
"12688","2-5-1"
"15797","2-5-1"
"12418","2-5-3"
"13242","2-5-4"
"14772","2-5-5"
"16419","2-5-2"
"15938","2-5-4"
"15396","2-5-4"
"12968","2-5-5"
"14745","2-5-2"
"14566","2-4-2"
"14246","2-5-2"
"14460","2-5-4"
"15313","2-1-5"
"17029","2-1-3"
"14013","2-5-4"
"14224","2-5-2"
"16952","2-5-5"
"17083","2-5-2"
"12363","2-5-3"
"14265","2-5-3"
"17585","2-5-2"
"13933","2-5-3"
"14045","2-4-2"
"14930","2-5-1"
"13593","2-5-2"
"13140","2-5-4"
"18018","2-5-5"
"12593","2-5-4"
"17242","2-5-2"
"14523","2-5-5"
"14364","2-5-1"
"13425","2-5-2"
"16550","2-5-1"
"13411","2-5-5"
"17256","2-5-5"
"16340","2-5-3"
"14407","2-5-1"
"16536","2-5-3"
"12649","2-5-3"
"14301","2-5-3"
"17268","2-3-3"
"14973","2-5-2"
"12853","2-5-2"
"17869","2-5-4"
"15800","2-5-3"
"15812","2-5-2"
"16302","2-5-5"
"16429","2-2-4"
"14196","2-5-4"
"17844","2-5-5"
"14314","2-5-5"
"15663","2-5-5"
"15263","2-5-5"
"18200","2-5-5"
"16093","2-1-5"
"16503","2-5-2"
"16859","2-5-3"
"14055","2-5-3"
"12624","2-5-3"
"14687","2-5-3"
"13000","2-5-3"
"17134","2-5-4"
"17189","2-5-4"
"12715","2-5-4"
"13489","2-5-4"
"15074","2-5-3"
"13003","2-4-5"
"17146","2-5-3"
"15641","2-5-2"
"16641","2-5-5"
"14472","2-5-2"
"15095","2-5-2"
"16816","2-5-4"
"15569","2-5-2"
"16806","2-5-3"
"13778","2-5-5"
"15325","2-5-5"
"13301","2-5-3"
"14078","2-5-2"
"17298","2-5-3"
"12814","2-2-5"
"15866","2-5-5"
"16083","2-5-2"
"17588","2-5-2"
"13466","2-5-4"
"16780","2-5-4"
"15625","2-5-2"
"15260","2-5-2"
"17747","2-1-5"
"17320","2-5-2"
"14513","2-5-4"
"15596","2-5-2"
"16180","2-5-1"
"13470","2-5-5"
"13631","2-5-1"
"15829","2-5-3"
"13376","2-5-2"
"13099","2-1-5"
"13045","2-5-4"
"16456","2-5-1"
"12436","2-5-3"
"16808","2-5-4"
"18027","2-5-5"
"14171","2-5-4"
"14463","2-5-3"
"14436","2-5-5"
"18087","2-5-1"
"16092","2-5-3"
"17722","2-5-1"
"13548","2-5-3"
"12710","2-5-2"
"17050","2-5-1"
"14965","2-5-3"
"16761","2-5-4"
"12851","2-5-5"
"17774","2-5-2"
"13240","2-5-3"
"17229","2-5-4"
"15364","2-5-3"
"13192","2-5-3"
"14565","2-5-1"
"12502","2-5-1"
"18196","2-5-3"
"13744","2-5-2"
"12422","2-5-3"
"12816","2-5-3"
"17309","2-5-5"
"16551","2-5-3"
"16820","2-5-3"
"13748","2-5-2"
"15307","2-5-5"
"16172","2-5-2"
"15491","2-5-1"
"13851","2-5-1"
"15462","2-5-5"
"13130","2-2-5"
"14208","2-5-5"
"12461","2-5-3"
"16400","2-5-4"
"17339","2-5-5"
"13122","2-5-3"
"17560","2-5-3"
"13158","2-5-2"
"16175","2-5-2"
"16828","2-5-5"
"15071","2-5-2"
"13210","2-5-4"
"18093","2-5-1"
"14223","2-5-2"
"13889","2-5-4"
"15400","2-5-3"
"13848","2-3-2"
"15488","2-2-5"
"16031","2-5-3"
"13249","2-5-3"
"15885","2-5-4"
"18222","2-5-4"
"13244","2-5-5"
"12592","2-5-4"
"15653","2-4-3"
"15198","2-5-5"
"13330","2-5-2"
"14628","2-5-3"
"16027","2-5-3"
"14414","2-5-2"
"12535","2-5-3"
"14210","2-5-2"
"16723","2-5-3"
"15652","2-5-4"
"13441","2-5-4"
"16309","2-5-3"
"15939","2-5-1"
"12635","2-5-2"
"18255","2-5-5"
"14212","2-5-2"
"15035","2-5-4"
"13372","2-5-4"
"15636","2-5-3"
"14837","2-5-2"
"13124","2-5-1"
"16796","2-5-4"
"16384","2-5-3"
"18215","2-5-4"
"12965","2-5-3"
"13611","2-5-2"
"16141","2-5-3"
"15673","2-5-1"
"14500","2-5-4"
"16475","2-5-3"
"17433","2-5-4"
"17919","2-5-2"
"15996","2-5-2"
"12884","2-5-4"
"14307","2-5-1"
"13850","2-5-2"
"12924","2-5-3"
"14276","2-5-2"
"15980","2-5-1"
"16209","2-5-1"
"16098","2-5-2"
"16229","2-5-2"
"16036","2-5-3"
"14753","2-5-3"
"15216","2-2-5"
"14163","2-5-1"
"18251","2-5-1"
"16451","2-5-4"
"15343","2-5-4"
"16959","2-5-5"
"17033","2-5-2"
"17347","2-1-5"
"17640","2-5-3"
"16745","2-5-1"
"13877","2-3-5"
"18173","2-5-1"
"14660","2-5-4"
"12756","2-4-5"
"12616","2-5-3"
"14894","2-5-3"
"15205","2-5-3"
"14105","2-5-2"
"15417","2-5-3"
"13662","2-5-3"
"15122","2-5-2"
"17047","2-5-2"
"16048","2-5-4"
"12722","2-5-2"
"17846","2-1-2"
"13539","2-5-3"
"14420","2-5-4"
"17898","2-5-5"
"17594","2-5-2"
"17786","2-5-4"
"15466","2-5-4"
"13931","2-5-2"
"14915","2-5-4"
"17333","2-5-3"
"13518","2-5-3"
"15410","2-5-1"
"14124","2-4-4"
"12513","2-5-3"
"12434","2-5-3"
"13141","2-5-1"
"16108","2-5-3"
"13563","2-5-3"
"16709","2-5-1"
"15523","2-5-4"
"14177","2-5-3"
"12871","2-5-4"
"15099","2-5-4"
"15975","2-5-4"
"13067","2-5-5"
"13334","2-5-1"
"15947","2-5-2"
"17802","2-5-2"
"16370","2-5-2"
"12527","2-5-4"
"15764","2-5-1"
"13774","2-5-4"
"15504","2-5-5"
"16527","2-5-5"
"13228","2-2-4"
"13325","2-5-3"
"17628","2-5-5"
"13375","2-5-3"
"16080","2-5-5"
"17058","2-5-2"
"18232","2-5-3"
"12379","2-5-3"
"15675","2-5-4"
"16906","2-5-3"
"12752","2-5-1"
"13562","2-5-2"
"17848","2-5-3"
"12497","2-5-2"
"16211","2-5-3"
"18094","2-5-1"
"18017","2-1-3"
"15341","2-5-2"
"16777","2-5-5"
"17873","2-5-2"
"16928","2-5-1"
"16215","2-5-5"
"16584","2-5-3"
"14236","2-5-3"
"16624","2-5-3"
"13038","2-5-3"
"13356","2-5-3"
"15026","2-5-4"
"13908","2-5-1"
"12390","2-5-3"
"15888","2-5-5"
"12701","2-5-3"
"17415","2-5-3"
"13959","2-5-3"
"14887","2-5-2"
"16627","2-5-4"
"14951","2-5-4"
"17475","2-5-5"
"15433","2-5-3"
"12520","2-5-1"
"12550","2-5-2"
"13946","2-5-3"
"12604","2-5-4"
"17731","2-5-2"
"12435","2-5-1"
"16236","2-5-4"
"13486","2-5-2"
"17027","2-5-3"
"13220","2-5-3"
"13529","2-5-4"
"15067","2-5-2"
"16715","2-5-4"
"17311","2-5-2"
"17460","2-5-3"
"12409","2-5-1"
"17079","2-2-5"
"12739","2-5-2"
"15810","2-5-2"
"17037","2-5-2"
"14038","2-5-2"
"12854","2-5-2"
"15201","2-5-2"
"16735","2-5-1"
"15603","2-2-5"
"14854","2-5-1"
"12930","2-5-4"
"16984","2-5-1"
"16213","2-5-5"
"12609","2-5-2"
"12425","2-5-3"
"16872","2-5-3"
"15475","2-5-4"
"16978","2-5-4"
"12995","2-3-5"
"15744","2-3-5"
"14014","2-5-3"
"14652","2-5-5"
"13127","2-5-4"
"17388","2-5-2"
"14880","2-5-3"
"13336","2-5-3"
"15549","2-5-2"
"12516","2-5-2"
"15978","2-5-2"
"15075","2-5-3"
"18189","2-5-2"
"16485","2-5-4"
"14152","2-5-3"
"14757","2-5-4"
"16689","2-5-4"
"14806","2-5-5"
"13787","2-5-4"
"16198","2-5-4"
"14561","2-5-2"
"16342","2-5-4"
"15799","2-5-3"
"17498","2-5-4"
"12348","2-5-2"
"17154","2-5-4"
"18155","2-5-4"
"18066","2-5-4"
"13670","2-5-4"
"16480","2-5-3"
"16594","2-5-5"
"15312","2-5-3"
"12545","2-5-2"
"15366","2-5-3"
"16383","2-5-3"
"16778","2-5-5"
"16468","2-2-5"
"16603","2-5-4"
"13405","2-5-3"
"13434","2-5-3"
"17674","2-5-3"
"17172","2-5-4"
"12412","2-5-2"
"13233","2-5-3"
"14473","2-5-5"
"13866","2-5-5"
"15626","2-5-3"
"13390","2-5-3"
"12823","2-1-2"
"13927","2-5-4"
"15958","2-5-5"
"14908","2-5-4"
"17997","2-5-2"
"15243","2-5-4"
"13639","2-5-2"
"15154","2-5-4"
"17002","2-5-2"
"18278","2-5-5"
"13514","2-4-5"
"12579","2-5-4"
"13979","2-5-3"
"13555","2-5-1"
"16266","2-5-3"
"16573","2-5-3"
"15827","2-5-2"
"16122","2-5-3"
"17591","2-5-1"
"17061","2-5-1"
"17480","2-5-3"
"15674","2-5-1"
"17805","2-5-3"
"17788","2-3-2"
"14272","2-5-4"
"13016","2-5-3"
"12455","2-5-1"
"12987","2-5-3"
"16629","2-5-4"
"17656","2-5-2"
"14818","2-5-3"
"14101","2-5-1"
"16181","2-5-4"
"16321","2-5-4"
"13515","2-5-3"
"15036","2-5-4"
"18265","2-5-3"
"15348","2-5-5"
"17370","2-5-4"
"16493","2-5-2"
"16182","2-5-1"
"13397","2-5-2"
"14934","2-5-2"
"13901","2-5-1"
"17513","2-5-3"
"16281","2-5-1"
"16681","2-5-2"
"14947","2-5-4"
"13321","2-5-3"
"17950","2-5-4"
"13061","2-5-5"
"17783","2-5-4"
"18242","2-5-1"
"12566","2-5-4"
"14609","2-2-3"
"13134","2-5-2"
"14978","2-5-2"
"12393","2-5-2"
"13503","2-5-5"
"12372","2-5-2"
"17572","2-5-5"
"15175","2-5-5"
"17427","2-2-5"
"12718","2-5-5"
"13886","2-5-5"
"17894","2-5-2"
"16574","2-5-4"
"16589","2-5-4"
"17819","2-5-1"
"15062","2-5-2"
"14681","2-5-3"
"18192","2-5-2"
"12458","2-5-2"
"15030","2-5-3"
"16650","2-5-3"
"14475","2-5-3"
"16233","2-5-3"
"18235","2-5-2"
"12728","2-5-3"
"14305","2-5-2"
"17905","2-5-3"
"16268","2-5-3"
"18204","2-5-2"
"13741","2-5-3"
"13354","2-5-3"
"14409","2-5-1"
"13092","2-5-4"
"16404","2-5-4"
"14916","2-5-2"
"15834","2-5-1"
"13972","2-5-5"
"17376","2-5-5"
"18008","2-5-1"
"14164","2-5-2"
"17506","2-5-4"
"13095","2-5-5"
"15593","2-5-5"
"13320","2-5-2"
"12694","2-5-3"
"13347","2-5-4"
"13764","2-5-2"
"12842","3-5-2"
"15185","3-5-4"
"12822","3-5-2"
"16613","3-5-3"
"16693","3-5-4"
"15579","3-5-4"
"16667","3-5-3"
"15774","3-5-4"
"14970","3-5-2"
"15164","3-5-3"
"16591","3-5-5"
"12886","3-5-2"
"15299","3-5-1"
"13635","3-5-2"
"13505","3-5-1"
"13431","3-5-2"
"16774","3-5-3"
"18116","3-5-2"
"14651","3-5-3"
"16183","3-5-4"
"16441","3-5-4"
"12637","3-5-1"
"13344","3-5-1"
"14193","3-5-3"
"15930","3-5-4"
"13792","3-5-5"
"17667","3-5-2"
"13801","3-5-4"
"18053","3-5-4"
"12512","3-5-5"
"16882","3-5-3"
"15739","3-5-4"
"13364","3-5-5"
"17957","3-5-5"
"15255","3-5-3"
"15228","3-5-1"
"15276","3-5-5"
"16881","3-1-4"
"15241","3-5-2"
"15181","3-5-3"
"15339","3-5-3"
"13351","3-5-4"
"13552","3-5-1"
"16556","3-5-1"
"16374","3-5-4"
"14184","3-5-4"
"12413","3-5-3"
"14396","3-5-4"
"13989","3-5-2"
"12789","3-4-5"
"12843","3-5-2"
"17382","3-2-5"
"14054","3-5-5"
"13483","3-5-5"
"18033","3-5-5"
"15048","3-5-4"
"15244","3-5-3"
"15757","3-5-3"
"16059","3-5-2"
"17647","3-5-5"
"17222","3-5-4"
"16040","3-5-2"
"16106","3-5-5"
"15127","3-5-4"
"16803","3-5-4"
"17483","3-5-4"
"15730","3-5-2"
"16758","3-5-4"
"13947","3-5-5"
"15762","3-5-3"
"13504","3-5-4"
"15766","3-5-4"
"15300","3-5-3"
"16875","3-5-1"
"15937","3-5-5"
"13845","3-5-4"
"13279","3-5-5"
"16462","3-1-5"
"16160","3-5-2"
"16316","3-5-1"
"15416","3-5-1"
"14501","3-5-4"
"14819","3-5-4"
"15315","3-5-3"
"13602","3-5-4"
"13591","3-5-2"
"14333","3-5-4"
"13771","3-5-1"
"13177","3-5-4"
"12923","3-5-5"
"17921","3-5-3"
"12703","3-5-4"
"15264","3-5-4"
"16184","3-5-2"
"15837","3-5-4"
"14538","3-5-4"
"15306","3-5-2"
"16432","3-5-4"
"16909","3-5-4"
"13055","3-5-2"
"14557","3-5-3"
"15518","3-5-2"
"15841","3-5-2"
"13348","3-5-5"
"13049","3-5-3"
"16842","3-5-2"
"13317","3-5-1"
"16895","3-5-5"
"12939","3-5-1"
"15322","3-5-3"
"13023","3-5-3"
"14518","3-5-5"
"14317","3-5-3"
"18194","3-5-2"
"18136","3-5-3"
"17030","3-5-5"
"13276","3-5-3"
"16477","3-5-1"
"12394","3-5-2"
"12420","3-5-3"
"15874","3-5-1"
"14067","3-5-4"
"16455","3-5-2"
"15815","3-5-1"
"12492","3-5-4"
"13763","3-5-2"
"12740","3-5-4"
"13806","3-5-4"
"14462","3-5-2"
"12885","3-5-2"
"14844","3-5-1"
"16354","3-5-4"
"12519","3-5-4"
"13876","3-5-5"
"14792","3-2-5"
"13169","3-5-3"
"13689","3-5-3"
"14029","3-5-4"
"13419","3-5-5"
"14801","3-5-5"
"18088","3-5-5"
"13260","3-5-3"
"16518","3-5-4"
"16921","3-5-5"
"16248","3-5-5"
"16595","3-5-4"
"14514","3-5-2"
"16380","3-5-2"
"16685","3-5-4"
"13193","3-5-5"
"16104","3-5-4"
"15756","3-5-3"
"13259","3-5-4"
"16179","3-5-5"
"13666","3-5-5"
"14128","3-5-3"
"15193","3-5-3"
"17648","3-5-2"
"16385","3-5-3"
"15553","3-5-4"
"14356","3-5-3"
"17214","3-5-2"
"16395","3-5-2"
"18169","3-5-5"
"15211","3-5-3"
"14201","3-5-3"
"13980","3-5-5"
"15304","3-5-3"
"14529","3-5-3"
"15128","3-5-2"
"14027","3-5-5"
"13473","3-5-4"
"17025","3-5-4"
"18126","3-5-5"
"15886","3-5-5"
"16776","3-5-4"
"16982","3-5-4"
"17284","3-5-2"
"13224","3-5-1"
"13373","3-5-1"
"17589","3-5-1"
"14451","3-5-3"
"14665","3-5-2"
"16120","3-5-2"
"13517","3-5-1"
"12836","3-5-1"
"14535","3-5-1"
"12772","3-5-3"
"13359","3-5-4"
"15706","3-5-2"
"16136","3-5-3"
"16086","3-5-2"
"17620","3-4-5"
"15199","3-5-2"
"13690","3-5-5"
"16861","3-5-5"
"16171","3-3-5"
"17863","3-5-1"
"13627","3-5-2"
"13283","3-5-5"
"12530","3-5-2"
"14857","3-5-2"
"14959","3-5-3"
"12824","3-5-4"
"17913","3-5-4"
"16753","3-5-5"
"16203","3-5-3"
"12607","3-5-2"
"18277","3-5-5"
"12667","3-5-3"
"14541","3-5-2"
"12633","3-5-1"
"15831","3-5-3"
"14761","3-5-4"
"14642","3-2-5"
"17489","3-5-4"
"13208","3-5-2"
"15421","3-5-2"
"14775","3-5-2"
"12457","3-5-1"
"15281","3-5-1"
"18171","3-5-2"
"13865","3-5-3"
"13842","3-5-1"
"13520","3-5-1"
"13464","3-5-3"
"12908","3-2-3"
"15840","3-5-4"
"14852","3-5-1"
"17190","3-5-4"
"12602","3-5-5"
"17064","3-5-3"
"17724","3-5-2"
"16793","3-5-5"
"14421","3-5-3"
"13487","3-5-3"
"16121","3-5-3"
"12631","3-5-3"
"18160","3-5-3"
"14975","3-5-4"
"12446","3-5-2"
"16224","3-5-2"
"17614","3-5-4"
"13035","3-5-3"
"13858","3-5-5"
"14555","3-5-4"
"15272","3-5-3"
"17181","3-5-5"
"15367","3-5-2"
"14537","3-5-4"
"16770","3-5-3"
"14976","3-5-3"
"17279","3-5-5"
"12612","3-5-3"
"13911","3-5-1"
"14624","3-5-5"
"12876","3-5-1"
"17509","3-5-1"
"15606","3-5-1"
"13827","3-5-4"
"16430","3-5-4"
"16773","3-5-5"
"13930","3-5-4"
"16950","3-5-2"
"13814","3-5-2"
"14089","3-5-5"
"17180","3-5-3"
"17771","3-5-5"
"13006","3-4-5"
"16239","3-5-4"
"16413","3-5-4"
"17892","3-5-5"
"13213","3-5-2"
"14937","3-5-2"
"17986","3-1-5"
"16081","3-5-1"
"16934","3-5-2"
"13878","3-5-2"
"15440","3-5-4"
"13034","3-5-3"
"14780","3-5-4"
"16206","3-5-3"
"16052","3-5-4"
"13760","3-5-4"
"16674","3-5-4"
"15994","3-5-4"
"15545","3-5-4"
"14443","3-5-2"
"15091","3-5-4"
"17206","3-5-5"
"12454","3-5-1"
"18042","3-5-5"
"13265","3-5-1"
"17244","3-5-2"
"13750","3-5-2"
"16652","3-5-1"
"12794","3-5-3"
"17520","3-5-3"
"17205","3-5-4"
"13919","3-5-4"
"17734","3-5-3"
"16932","3-5-5"
"16389","3-5-2"
"14211","3-5-1"
"14841","3-5-1"
"17612","3-5-2"
"17785","3-5-5"
"13875","3-5-2"
"14830","3-5-5"
"17201","3-5-4"
"17527","3-5-3"
"16363","3-5-5"
"13923","3-5-4"
"12475","3-5-3"
"15335","3-5-5"
"16542","3-5-5"
"16563","3-5-2"
"16412","3-5-5"
"13015","3-5-1"
"15012","3-5-4"
"17534","3-5-5"
"16737","3-1-4"
"15637","3-5-5"
"17262","3-5-2"
"15604","3-5-5"
"12611","3-5-2"
"12679","3-5-2"
"12759","3-5-2"
"15327","3-5-5"
"16515","3-5-2"
"14381","3-5-5"
"13805","3-5-3"
"14015","3-5-3"
"16249","3-5-2"
"16848","3-5-4"
"13637","3-5-3"
"17679","3-5-2"
"16730","3-5-3"
"16140","3-5-3"
"14798","3-5-5"
"16734","3-5-3"
"15140","3-5-1"
"12360","3-5-1"
"14639","3-5-1"
"16940","3-5-1"
"12863","3-5-3"
"15505","3-5-1"
"14861","3-5-5"
"13594","3-5-4"
"15678","3-5-4"
"16621","3-5-3"
"16470","3-5-3"
"17824","3-5-4"
"15610","3-5-5"
"15220","3-5-2"
"14488","3-5-2"
"13849","3-5-2"
"12370","3-5-1"
"16826","3-5-4"
"17934","3-5-3"
"18019","3-5-5"
"12596","3-5-3"
"14229","3-5-2"
"13491","3-5-2"
"16123","3-5-4"
"15006","3-5-3"
"17973","3-5-4"
"15803","3-5-4"
"14799","3-5-5"
"17462","3-5-3"
"12744","3-5-1"
"14175","3-5-1"
"15826","3-5-2"
"17148","3-5-5"
"14273","3-5-3"
"14776","3-5-1"
"14306","3-5-1"
"14257","3-5-1"
"16131","3-5-1"
"14107","3-5-1"
"15853","3-5-5"
"13422","3-5-1"
"14427","3-5-4"
"15664","3-5-4"
"15807","3-5-3"
"14923","3-5-3"
"14585","3-5-5"
"17125","3-5-4"
"16593","3-5-4"
"16394","3-5-2"
"15129","3-5-1"
"18252","3-5-3"
"12556","3-5-3"
"14631","3-5-2"
"15121","3-5-4"
"16260","3-5-2"
"14495","3-5-5"
"17092","3-5-2"
"16846","3-5-5"
"18228","3-5-3"
"13136","3-5-1"
"16099","3-5-3"
"13573","3-5-4"
"17420","3-5-3"
"14484","3-5-4"
"13761","3-5-2"
"15754","3-5-4"
"16177","3-5-4"
"17007","3-5-3"
"15620","3-5-2"
"13519","3-5-5"
"17764","3-5-3"
"13366","3-1-5"
"16170","3-5-2"
"13897","3-5-4"
"17169","3-5-3"
"13669","3-5-5"
"18149","3-5-3"
"15565","3-5-5"
"17603","3-5-4"
"17354","3-5-2"
"13245","3-5-4"
"15301","3-5-1"
"14261","3-5-2"
"17571","3-5-2"
"14638","3-5-4"
"15587","3-3-3"
"17832","3-5-5"
"14967","3-5-4"
"17940","3-5-1"
"15740","3-5-5"
"12407","3-5-2"
"16918","3-5-2"
"13157","3-5-2"
"15286","3-3-5"
"15677","3-5-3"
"17361","3-5-4"
"15819","3-5-2"
"12403","3-5-4"
"13917","3-5-4"
"13918","3-5-2"
"16497","3-5-1"
"14147","3-4-4"
"13725","3-5-2"
"15321","3-5-1"
"16153","3-5-2"
"13974","3-5-4"
"14731","3-5-4"
"17836","3-5-5"
"16686","3-5-1"
"17111","3-5-5"
"13598","3-5-5"
"16007","3-5-2"
"14800","3-5-1"
"15000","3-5-3"
"16017","3-5-5"
"14504","3-5-3"
"16768","3-5-4"
"12546","3-5-2"
"16728","3-5-2"
"15806","3-5-3"
"16491","3-5-3"
"14019","3-5-2"
"13176","3-5-3"
"16023","3-5-3"
"14952","3-5-1"
"18240","3-5-4"
"15142","3-5-3"
"17004","3-5-2"
"12463","3-5-2"
"15068","3-5-3"
"14997","3-5-3"
"13165","3-5-2"
"17317","3-5-1"
"17186","3-1-5"
"15592","3-5-4"
"15801","3-5-2"
"12940","3-5-3"
"15277","3-5-4"
"17344","3-5-5"
"16444","3-5-3"
"15844","3-5-5"
"14145","3-5-1"
"16742","3-4-4"
"14312","3-5-2"
"14139","3-5-4"
"13481","3-5-2"
"18147","3-5-5"
"17423","3-5-3"
"14341","3-5-1"
"13601","3-5-3"
"14001","3-5-2"
"13340","3-5-1"
"15656","3-5-3"
"15836","3-5-5"
"16110","3-5-2"
"16056","3-5-3"
"17024","3-2-5"
"18079","3-5-1"
"15630","3-5-2"
"12398","3-5-2"
"16708","3-5-3"
"15158","3-5-4"
"16258","3-5-1"
"17917","3-5-4"
"18045","3-5-5"
"17928","3-5-5"
"13652","3-5-2"
"13182","3-5-5"
"14379","3-5-4"
"16325","3-5-3"
"15215","3-5-3"
"14754","3-5-3"
"15296","3-5-1"
"17175","3-5-2"
"17895","3-5-5"
"15990","3-5-3"
"17470","3-5-2"
"12448","3-5-4"
"16208","3-5-3"
"16188","3-5-2"
"16454","3-2-5"
"16345","3-5-3"
"17712","3-5-3"
"16750","3-5-3"
"16418","3-5-3"
"14690","3-5-4"
"12879","3-5-3"
"12371","3-5-2"
"15821","3-5-3"
"12812","3-5-5"
"16225","3-5-2"
"15516","3-5-5"
"15240","3-5-2"
"15320","3-5-4"
"15835","3-5-2"
"13107","3-5-2"
"16415","3-5-5"
"12456","3-5-1"
"14598","3-5-5"
"16071","3-5-4"
"17684","3-5-5"
"13538","3-5-2"
"14752","3-5-4"
"16690","3-5-5"
"15659","3-5-4"
"17459","3-5-3"
"15469","3-5-3"
"13654","3-5-1"
"15791","3-5-2"
"17414","3-5-3"
"14239","3-5-1"
"17672","3-5-1"
"13791","3-5-2"
"15288","3-5-1"
"14764","3-5-4"
"16680","3-5-5"
"15038","3-5-3"
"14357","3-5-5"
"16847","3-5-5"
"14004","3-5-1"
"18261","3-5-4"
"16026","3-5-5"
"12430","3-5-4"
"14474","3-5-3"
"14716","3-5-4"
"15786","3-5-1"
"17878","3-5-4"
"13416","3-5-3"
"15014","3-5-4"
"14233","3-5-2"
"17545","3-5-3"
"16102","3-5-2"
"13812","3-5-3"
"17272","3-5-1"
"12678","3-5-1"
"15096","3-5-5"
"16843","3-5-1"
"12895","3-5-4"
"14218","3-5-5"
"14498","3-5-2"
"12432","3-5-1"
"17837","3-5-2"
"17418","3-5-4"
"18287","3-5-2"
"17839","3-5-4"
"14221","3-5-1"
"17669","3-5-1"
"17552","3-5-3"
"13617","3-5-3"
"15708","3-5-1"
"17447","3-5-3"
"15748","3-5-5"
"15370","3-5-1"
"13278","3-5-3"
"15669","3-5-3"
"14077","3-5-3"
"14295","3-5-5"
"14158","3-5-3"
"13421","3-5-2"
"17018","3-5-3"
"15059","3-5-2"
"13566","3-5-3"
"18067","3-5-4"
"17373","3-5-3"
"15860","3-5-2"
"15865","3-5-3"
"16601","3-5-5"
"15385","3-5-4"
"13524","3-5-3"
"17796","3-5-3"
"17255","3-5-4"
"14810","3-5-1"
"14582","3-5-5"
"16049","3-5-2"
"15478","3-5-2"
"13607","3-5-3"
"17609","3-5-2"
"17372","3-5-2"
"17213","3-5-1"
"14179","3-5-3"
"14040","3-5-1"
"16235","3-5-3"
"16190","3-5-5"
"15376","3-5-2"
"17951","3-5-2"
"12588","3-5-5"
"15752","3-5-1"
"15974","3-5-1"
"12571","3-5-3"
"13544","3-5-4"
"16969","3-5-3"
"12909","3-5-1"
"18257","3-5-1"
"16018","3-5-4"
"13103","3-5-5"
"16836","3-5-4"
"13186","3-5-2"
"14167","3-5-3"
"15667","3-5-4"
"12522","3-5-5"
"14738","3-5-2"
"15360","3-5-4"
"13982","3-5-2"
"17396","3-5-1"
"13145","3-5-3"
"14808","3-5-1"
"12581","3-5-5"
"16127","3-5-3"
"13813","3-5-2"
"16960","3-5-3"
"17733","3-5-3"
"16150","3-5-2"
"14485","3-5-5"
"13697","3-5-5"
"15423","3-2-5"
"18226","3-5-1"
"18270","3-5-4"
"12552","3-5-4"
"13726","3-5-2"
"12491","3-5-4"
"14345","3-5-5"
"16830","3-5-4"
"17166","3-5-5"
"15847","3-5-4"
"13032","3-5-2"
"16029","3-5-1"
"13461","3-5-2"
"13327","3-5-1"
"17696","3-5-1"
"16825","3-5-3"
"13292","3-5-3"
"16648","3-5-4"
"14995","3-5-5"
"15018","3-5-3"
"14383","3-5-2"
"13271","3-5-5"
"17800","3-5-2"
"18105","3-5-5"
"13904","3-5-4"
"17999","3-5-4"
"15576","3-5-3"
"12830","3-5-1"
"18104","3-5-3"
"17965","3-5-1"
"13477","3-5-2"
"17947","3-5-5"
"14528","3-5-4"
"13316","3-5-1"
"14974","3-5-5"
"16884","3-5-4"
"16308","3-1-1"
"16706","3-5-3"
"15065","3-5-1"
"17719","3-5-1"
"12594","3-5-1"
"17966","3-5-2"
"16043","3-5-3"
"16367","3-5-3"
"12808","3-5-4"
"16841","3-5-2"
"12352","3-5-1"
"17403","3-5-4"
"17076","3-5-3"
"17816","3-5-5"
"17634","3-5-1"
"15651","3-5-3"
"15998","3-5-1"
"13728","3-5-2"
"14815","3-5-3"
"17351","3-5-3"
"18081","3-5-4"
"15605","3-5-2"
"16729","3-5-1"
"16914","3-5-5"
"16221","3-5-3"
"17078","3-5-4"
"15227","3-5-2"
"14098","3-5-5"
"13925","3-5-3"
"16409","3-5-2"
"13168","3-5-2"
"15612","3-4-5"
"14856","3-5-2"
"15252","3-5-3"
"13636","3-5-2"
"18205","3-5-3"
"16337","3-5-5"
"13721","3-5-3"
"15521","3-5-1"
"15551","3-5-4"
"14636","3-5-3"
"17274","3-5-5"
"12928","3-5-1"
"18035","3-5-3"
"15722","3-5-1"
"17979","3-5-3"
"14412","3-5-3"
"18022","3-5-3"
"16014","3-5-3"
"14150","3-5-3"
"12577","3-5-3"
"12397","3-5-1"
"17703","3-5-3"
"16555","3-5-4"
"17233","3-5-5"
"12944","3-5-3"
"15010","3-5-4"
"14842","3-5-1"
"14592","3-5-3"
"16887","3-5-5"
"17084","3-5-1"
"17930","3-5-2"
"15707","3-5-2"
"15809","3-5-3"
"17193","3-5-2"
"17203","3-5-1"
"15468","3-5-4"
"15329","3-5-2"
"14567","3-5-2"
"13592","3-5-5"
"14971","3-5-2"
"15598","3-5-5"
"15345","3-5-4"
"12431","3-5-1"
"16318","3-5-4"
"13651","3-5-5"
"14913","3-5-2"
"16012","3-5-2"
"13938","3-5-5"
"12576","3-5-2"
"12838","3-5-3"
"16488","3-5-3"
"13634","3-5-2"
"15952","3-5-3"
"13155","3-5-2"
"16243","3-5-4"
"13532","3-5-5"
"14039","3-5-5"
"15407","3-5-2"
"15427","3-5-2"
"17831","3-2-5"
"17608","3-5-5"
"14174","3-5-5"
"13527","3-5-1"
"13772","3-5-2"
"13523","3-5-1"
"16357","3-5-3"
"15526","3-4-5"
"15025","3-5-4"
"13759","3-5-3"
"12638","3-5-3"
"17082","3-5-2"
"16771","3-5-1"
"12645","3-5-2"
"16372","3-5-4"
"18170","3-5-2"
"15696","3-5-1"
"16676","3-5-2"
"15017","3-5-5"
"16445","3-5-5"
"16466","3-5-2"
"14404","3-5-2"
"14517","3-5-4"
"12357","3-5-1"
"15522","3-5-4"
"16362","3-5-3"
"14387","3-5-2"
"14080","3-4-5"
"14623","3-5-3"
"13097","3-5-1"
"18016","3-5-2"
"16637","3-5-2"
"16348","3-5-2"
"17430","3-5-4"
"15870","3-5-4"
"18036","3-5-4"
"17761","3-5-3"
"17107","3-5-1"
"18150","3-5-3"
"13824","3-5-2"
"15330","3-5-3"
"17158","3-5-2"
"14700","3-5-1"
"13993","3-5-1"
"16053","3-5-2"
"14929","3-5-5"
"17164","3-5-1"
"16232","3-5-2"
"15493","3-5-2"
"15719","3-5-1"
"12408","3-5-1"
"13324","3-5-1"
"17043","3-5-2"
"15618","3-5-3"
"17623","3-5-3"
"12484","3-5-1"
"12832","3-5-4"
"13717","3-5-2"
"16612","3-5-2"
"15249","3-5-1"
"17219","3-5-5"
"15356","3-5-1"
"18216","3-5-4"
"13975","3-5-1"
"14524","3-5-2"
"15573","3-5-3"
"12990","3-5-4"
"13047","3-5-1"
"12721","3-5-1"
"17160","3-5-1"
"13587","3-5-3"
"16253","3-5-1"
"16837","3-5-1"
"15513","3-5-1"
"17637","3-5-3"
"12849","3-5-2"
"15763","3-5-2"
"16602","3-5-3"
"13710","3-5-5"
"13643","3-5-3"
"13272","3-5-4"
"16732","3-5-3"
"18164","3-5-4"
"15957","3-5-4"
"13695","3-5-1"
"12613","3-5-1"
"17022","3-5-5"
"16618","4-5-1"
"16187","4-5-1"
"14050","4-5-3"
"15043","4-3-3"
"14360","4-5-1"
"17289","4-5-2"
"13329","4-5-3"
"13867","4-5-2"
"13110","4-5-2"
"15103","4-5-3"
"17633","4-5-2"
"15066","4-5-3"
"14676","4-5-1"
"18177","4-5-2"
"17886","4-5-3"
"15153","4-5-4"
"14232","4-5-2"
"16505","4-4-3"
"17964","4-5-4"
"16284","4-5-3"
"15275","4-5-3"
"17515","4-5-3"
"15485","4-5-1"
"16041","4-5-1"
"13623","4-5-3"
"13992","4-5-5"
"12949","4-5-1"
"14691","4-5-1"
"17702","4-5-2"
"13209","4-5-1"
"13029","4-5-2"
"17038","4-5-5"
"12472","4-5-1"
"16751","4-5-2"
"16205","4-5-3"
"17867","4-5-2"
"15450","4-5-4"
"13522","4-5-5"
"14921","4-5-2"
"15986","4-5-5"
"16516","4-5-5"
"13046","4-5-3"
"12893","4-5-5"
"14968","4-5-5"
"17690","4-5-1"
"15027","4-5-2"
"14214","4-5-2"
"16996","4-5-2"
"15114","4-5-1"
"12532","4-5-4"
"14284","4-5-3"
"14108","4-5-3"
"14240","4-5-3"
"13804","4-5-1"
"16767","4-5-1"
"13384","4-5-1"
"16880","4-5-2"
"17865","4-5-1"
"16953","4-1-5"
"17011","4-5-4"
"16791","4-5-2"
"16986","4-3-2"
"16434","4-5-2"
"18217","4-5-3"
"15289","4-5-3"
"17537","4-5-3"
"14863","4-5-4"
"14712","4-5-3"
"17059","4-5-1"
"14829","4-5-3"
"16628","4-5-1"
"17109","4-5-3"
"18236","4-5-3"
"12617","4-5-4"
"16863","4-5-3"
"16218","4-5-1"
"12538","4-5-4"
"18135","4-5-3"
"12541","4-5-2"
"16743","4-5-1"
"14748","4-5-2"
"15830","4-5-3"
"16907","4-5-2"
"12981","4-5-4"
"12544","4-5-4"
"17442","4-5-1"
"16903","4-5-4"
"12659","4-5-5"
"14466","4-5-1"
"13460","4-5-5"
"17653","4-5-2"
"15355","4-5-4"
"17573","4-5-4"
"17197","4-5-2"
"13148","4-5-1"
"16003","4-5-1"
"17416","4-5-1"
"13817","4-5-4"
"12708","4-5-1"
"14765","4-5-4"
"16126","4-5-1"
"12599","4-5-2"
"15785","4-5-1"
"12473","4-5-1"
"15463","4-5-5"
"13606","4-5-4"
"14064","4-5-2"
"14944","4-5-1"
"17791","4-5-5"
"18125","4-5-2"
"12844","4-5-4"
"15452","4-5-3"
"17932","4-5-2"
"15111","4-5-2"
"17901","4-5-5"
"15184","4-5-4"
"16025","4-5-4"
"13983","4-5-1"
"15597","4-5-4"
"17977","4-5-4"
"15238","4-5-2"
"17162","4-5-2"
"17015","4-5-2"
"12726","4-5-1"
"12691","4-5-2"
"14789","4-5-5"
"17069","4-5-1"
"16386","4-5-4"
"15492","4-5-3"
"15692","4-5-5"
"17295","4-5-3"
"15557","4-5-4"
"17088","4-5-2"
"12600","4-5-1"
"16460","4-5-3"
"12517","4-5-1"
"12384","4-5-3"
"14662","4-5-3"
"13557","4-5-3"
"14035","4-5-2"
"17052","4-5-4"
"13732","4-5-3"
"13810","4-5-2"
"15608","4-5-2"
"18209","4-5-5"
"17191","4-5-1"
"16671","4-3-2"
"14226","4-5-1"
"12685","4-5-1"
"17054","4-5-2"
"18014","4-5-5"
"17512","4-5-1"
"13727","4-5-4"
"16433","4-5-5"
"12480","4-5-1"
"12589","4-5-3"
"16332","4-5-2"
"13451","4-5-1"
"15411","4-5-2"
"15787","4-5-2"
"16898","4-5-3"
"14227","4-5-1"
"15449","4-5-2"
"13379","4-5-3"
"17838","4-5-1"
"14882","4-5-3"
"16720","4-5-5"
"12867","4-5-1"
"12865","4-5-2"
"16416","4-5-2"
"17287","4-5-2"
"13170","4-5-5"
"17041","4-5-2"
"14499","4-5-3"
"14382","4-5-3"
"13603","4-5-5"
"13892","4-5-3"
"14661","4-4-5"
"12508","4-5-4"
"15429","4-5-4"
"13178","4-5-1"
"17790","4-5-2"
"14044","4-5-3"
"14784","4-5-4"
"17211","4-5-1"
"17720","4-5-2"
"14487","4-5-2"
"16930","4-5-4"
"13700","4-5-1"
"15599","4-5-3"
"18069","4-5-2"
"13146","4-5-5"
"16726","4-5-2"
"13450","4-5-2"
"13984","4-5-3"
"16303","4-5-1"
"15781","4-5-4"
"16936","4-5-4"
"12938","4-5-5"
"16207","4-5-4"
"17081","4-5-4"
"15532","4-5-2"
"18117","4-5-4"
"14862","4-5-3"
"18211","4-5-3"
"12642","4-5-2"
"14684","4-5-2"
"15168","4-5-5"
"14680","4-5-1"
"13549","4-5-3"
"15050","4-5-2"
"14953","4-5-4"
"18082","4-5-3"
"15839","4-5-2"
"16747","4-5-3"
"17652","4-5-1"
"17235","4-5-3"
"14530","4-5-1"
"16519","4-5-5"
"12374","4-5-3"
"12428","4-5-1"
"17538","4-5-5"
"13835","4-5-3"
"12689","4-5-2"
"15203","4-5-2"
"15058","4-5-1"
"15458","4-5-5"
"14494","4-5-5"
"15125","4-5-1"
"16639","4-5-2"
"17663","4-5-2"
"15365","4-5-1"
"17793","4-5-4"
"15660","4-5-2"
"16504","4-5-4"
"13577","4-5-2"
"16478","4-5-4"
"15291","4-5-1"
"15863","4-5-5"
"17314","4-5-1"
"15524","4-1-4"
"13236","4-5-3"
"13455","4-5-2"
"12883","4-5-3"
"18043","4-5-3"
"14715","4-5-3"
"14544","4-5-2"
"16557","4-5-4"
"13058","4-5-4"
"13735","4-5-1"
"12415","4-5-1"
"15582","4-5-3"
"15981","4-5-1"
"14522","4-5-2"
"17153","4-5-5"
"14714","4-5-5"
"17220","4-5-1"
"16423","4-5-4"
"18259","4-5-1"
"17564","4-5-4"
"13632","4-5-1"
"17521","4-5-3"
"17974","4-5-3"
"15679","4-5-3"
"15720","4-5-3"
"14666","4-5-5"
"16341","4-5-2"
"17510","4-5-4"
"16878","4-3-5"
"12933","4-5-3"
"13692","4-5-2"
"17357","4-5-4"
"13614","4-5-2"
"12676","4-5-2"
"15955","4-5-1"
"13066","4-5-4"
"15556","4-5-4"
"18181","4-5-4"
"14533","4-5-2"
"15758","4-5-5"
"18123","4-5-3"
"15419","4-5-5"
"12890","4-5-4"
"14725","4-5-3"
"17777","4-5-3"
"13846","4-5-3"
"15805","4-5-1"
"14057","4-5-1"
"17198","4-5-3"
"16204","4-5-4"
"15269","4-2-4"
"18075","4-5-1"
"13500","4-5-2"
"16809","4-5-3"
"15432","4-5-5"
"16245","4-5-2"
"12640","4-5-2"
"18246","4-3-3"
"13575","4-5-3"
"17680","4-5-5"
"15051","4-5-2"
"12626","4-5-1"
"17596","4-5-1"
"12991","4-5-3"
"13285","4-5-1"
"16085","4-5-2"
"18006","4-5-4"
"14507","4-5-2"
"16669","4-5-2"
"14898","4-5-2"
"13449","4-5-4"
"14109","4-5-5"
"12910","4-5-1"
"13629","4-5-1"
"15967","4-5-4"
"17377","4-5-1"
"15900","4-5-4"
"13926","4-5-5"
"12993","4-5-4"
"17549","4-5-5"
"12500","4-5-1"
"16855","4-5-4"
"16278","4-5-3"
"16469","4-5-3"
"18263","4-5-2"
"13939","4-5-3"
"16008","4-5-4"
"13816","4-5-3"
"17368","4-5-2"
"13131","4-5-2"
"13447","4-5-2"
"14851","4-5-3"
"16804","4-5-3"
"16999","4-5-4"
"14286","4-5-1"
"15110","4-5-2"
"17896","4-2-4"
"16912","4-5-1"
"12731","4-5-1"
"16916","4-5-3"
"15584","4-5-3"
"14948","4-5-2"
"14416","4-5-3"
"17095","4-5-2"
"13828","4-5-5"
"12712","4-5-1"
"17985","4-5-3"
"17080","4-5-4"
"15864","4-5-2"
"15489","4-5-2"
"13313","4-5-2"
"12539","4-5-1"
"15983","4-5-2"
"12481","4-5-1"
"17716","4-5-1"
"12449","4-5-1"
"15267","4-5-2"
"13815","4-5-1"
"14034","4-5-3"
"16186","4-5-1"
"15529","4-5-1"
"18221","4-5-2"
"14112","4-5-1"
"15124","4-5-5"
"17797","4-5-3"
"16298","4-5-3"
"13871","4-5-1"
"17799","4-5-1"
"12445","4-4-5"
"12610","4-5-1"
"12647","4-5-1"
"13028","4-5-3"
"16042","4-5-2"
"16070","4-5-3"
"15435","4-5-5"
"14234","4-5-3"
"16009","4-5-2"
"14332","4-5-3"
"12997","4-5-2"
"13160","4-4-5"
"15287","4-5-4"
"12356","4-5-1"
"16638","4-5-2"
"16871","4-5-1"
"16531","4-5-2"
"17461","4-5-3"
"16656","4-5-1"
"15506","4-5-2"
"12567","4-5-1"
"12406","4-5-1"
"17330","4-5-4"
"14508","4-5-4"
"12847","4-5-3"
"15081","4-5-3"
"13308","4-5-2"
"12477","4-5-1"
"13894","4-5-3"
"15657","4-1-5"
"13138","4-5-2"
"17397","4-5-3"
"17147","4-5-2"
"14362","4-5-5"
"17613","4-5-1"
"16869","4-5-3"
"16279","4-5-2"
"13381","4-5-1"
"12618","4-5-5"
"17961","4-5-2"
"14902","4-5-4"
"13962","4-5-5"
"15494","4-5-2"
"13091","4-5-4"
"12380","4-5-1"
"12444","4-5-1"
"17621","4-5-2"
"16924","4-5-3"
"14315","4-5-1"
"17301","4-5-5"
"14820","4-5-3"
"14434","4-3-2"
"17779","4-5-3"
"15530","4-5-2"
"13396","4-5-2"
"14073","4-5-5"
"12391","4-5-4"
"16414","4-5-5"
"12697","4-5-2"
"15088","4-5-2"
"12603","4-3-3"
"16134","4-5-3"
"16350","4-5-2"
"17163","4-3-4"
"12779","4-5-1"
"18061","4-5-1"
"18276","4-5-4"
"16511","4-5-2"
"16560","4-5-3"
"12498","4-5-4"
"15368","4-4-4"
"17904","4-5-5"
"17650","4-5-5"
"13880","4-5-1"
"14641","4-5-5"
"18034","4-5-4"
"13941","4-5-1"
"17159","4-5-2"
"13895","4-5-1"
"16945","4-5-1"
"17760","4-5-4"
"14593","4-5-3"
"15933","4-5-2"
"14285","4-5-2"
"12781","4-5-3"
"13960","4-5-5"
"12931","4-5-1"
"14849","4-5-1"
"13117","4-5-2"
"13516","4-5-2"
"16463","4-5-2"
"14903","4-5-1"
"12578","4-5-1"
"17286","4-5-5"
"14342","4-5-3"
"13094","4-4-2"
"13142","4-5-4"
"12540","4-5-1"
"15044","4-5-1"
"15465","4-5-1"
"14159","4-5-1"
"13988","4-5-1"
"12597","4-5-1"
"17758","4-5-1"
"16710","4-5-1"
"14502","4-5-1"
"17738","4-5-2"
"14595","4-5-2"
"15906","4-5-2"
"16762","4-5-2"
"15426","4-5-2"
"14116","4-5-2"
"16464","4-5-2"
"14477","4-5-2"
"13118","4-5-2"
"16533","4-5-2"
"14359","4-5-3"
"13200","4-5-3"
"14553","4-5-3"
"12778","4-5-3"
"15533","4-5-3"
"17387","4-5-3"
"17425","4-5-3"
"16212","4-5-3"
"15919","4-5-3"
"14664","4-5-3"
"13427","4-5-3"
"17555","4-5-4"
"15963","4-5-4"
"14157","4-5-4"
"16399","4-5-4"
"18040","4-5-4"
"18127","4-5-4"
"17384","4-5-4"
"14881","4-5-4"
"13565","4-5-5"
"15850","4-5-5"
"18110","4-5-5"
"14052","4-5-5"
"12702","4-5-5"
"16411","4-5-5"
"14984","4-5-5"
"17561","4-5-5"
"15988","4-5-5"
"16666","4-5-5"
"16784","4-3-5"
"16506","4-3-5"
"15645","4-5-3"
"17664","4-5-3"
"12984","4-4-5"
"12349","4-5-2"
"16713","4-5-1"
"13189","4-5-4"
"13246","4-5-2"
"17100","4-5-2"
"17253","4-5-5"
"16369","4-5-2"
"13739","4-3-5"
"14482","4-5-1"
"15406","4-5-3"
"12904","4-5-3"
"15681","4-5-2"
"17625","4-5-2"
"12504","4-5-4"
"13282","4-5-2"
"15115","4-5-4"
"16406","4-5-5"
"15567","4-5-5"
"13167","4-5-3"
"14426","4-5-1"
"15527","4-5-1"
"15093","4-5-1"
"13673","4-5-4"
"13823","4-5-2"
"14883","4-5-3"
"14447","4-5-2"
"15671","4-5-1"
"14030","4-5-1"
"17227","4-5-3"
"14551","4-5-5"
"14300","4-3-5"
"17888","4-5-3"
"15857","4-5-4"
"15738","4-5-1"
"18080","4-2-2"
"15105","4-5-1"
"16366","4-5-4"
"12658","4-5-3"
"13430","4-5-3"
"14449","4-5-3"
"17432","4-5-4"
"13862","4-5-1"
"15132","4-5-2"
"15163","4-5-4"
"12795","4-5-4"
"15179","4-5-1"
"14587","4-5-2"
"12878","4-5-3"
"16139","4-5-3"
"17360","4-5-3"
"17324","4-5-2"
"13363","4-5-2"
"15634","4-5-5"
"16607","4-5-1"
"13268","4-5-1"
"16107","4-5-1"
"16633","4-5-1"
"16330","4-5-4"
"17155","4-5-4"
"16422","4-5-1"
"15977","4-5-2"
"12936","4-5-2"
"13456","4-5-2"
"17371","4-5-4"
"14424","4-1-4"
"13986","4-5-4"
"13403","4-3-5"
"17073","4-5-2"
"17453","4-5-4"
"14506","4-5-2"
"16352","4-5-3"
"13247","4-5-3"
"13488","4-5-1"
"15106","4-5-2"
"18139","4-5-1"
"12474","4-5-1"
"15699","4-5-4"
"16128","4-5-2"
"18249","4-5-5"
"14515","4-5-1"
"14467","4-5-3"
"16532","4-2-1"
"18274","4-5-5"
"17338","4-5-1"
"16311","4-5-3"
"14505","4-5-1"
"14768","4-4-5"
"12775","4-5-2"
"17519","4-5-2"
"13832","4-3-5"
"16985","4-5-1"
"15811","4-5-1"
"15150","4-5-1"
"15116","4-5-2"
"17313","4-5-1"
"14297","4-5-2"
"16722","4-5-1"
"16261","4-5-3"
"12920","4-5-5"
"15497","4-5-2"
"16365","4-5-2"
"15971","4-5-1"
"16164","4-5-3"
"13681","4-5-3"
"17600","4-5-5"
"17075","4-5-3"
"17759","4-5-3"
"13940","4-5-3"
"15965","4-5-3"
"14657","4-5-3"
"12656","4-5-1"
"12483","4-5-1"
"14834","4-5-2"
"16748","4-5-2"
"13569","4-5-4"
"12586","4-5-5"
"13322","4-5-5"
"17297","4-5-5"
"16655","4-5-1"
"15845","4-5-1"
"13499","4-5-2"
"17500","4-3-2"
"17034","4-5-3"
"16079","4-5-2"
"15727","4-5-1"
"15398","4-5-2"
"13650","4-5-2"
"13502","4-5-4"
"14790","4-5-3"
"13139","4-5-1"
"13742","4-5-1"
"18084","4-2-5"
"17725","4-5-1"
"17010","4-5-5"
"15393","4-5-5"
"13899","4-5-4"
"16653","4-5-2"
"14675","4-5-3"
"12948","4-5-1"
"14912","4-5-3"
"14335","4-5-4"
"16020","4-5-3"
"15901","4-5-4"
"17463","4-5-2"
"17469","4-5-2"
"13018","4-5-1"
"13831","4-5-1"
"17422","4-5-2"
"12619","4-5-1"
"12452","4-5-4"
"14020","4-5-3"
"14581","4-5-5"
"13174","4-5-1"
"16670","4-5-1"
"17135","4-5-2"
"17700","4-5-1"
"16066","4-5-2"
"16185","4-5-3"
"15949","4-5-4"
"13448","4-5-1"
"14049","4-5-1"
"17410","4-5-2"
"12557","4-5-1"
"16343","4-5-4"
"15916","4-5-2"
"14744","4-5-2"
"14334","4-5-1"
"16255","4-5-1"
"17685","4-5-1"
"16660","4-5-2"
"15743","4-5-3"
"14099","4-5-1"
"17809","4-5-1"
"13350","4-5-2"
"15253","4-5-3"
"14336","4-5-2"
"17458","4-5-4"
"14640","4-5-1"
"17767","4-5-4"
"16566","4-5-3"
"16668","4-5-4"
"15005","4-5-1"
"12937","4-5-2"
"16482","4-5-5"
"16157","4-5-3"
"15953","4-5-2"
"16609","4-5-1"
"17323","4-5-3"
"14709","4-5-1"
"17133","4-5-1"
"12395","4-5-1"
"18184","4-1-5"
"16596","4-5-4"
"13207","4-5-4"
"15725","4-5-4"
"14756","4-5-3"
"17228","4-5-2"
"15270","4-5-1"
"17516","4-5-3"
"15594","4-5-2"
"17975","4-5-1"
"15034","4-5-1"
"13719","4-5-2"
"12421","4-5-3"
"14277","4-5-1"
"14410","4-5-2"
"12388","4-5-1"
"13588","4-5-1"
"13277","4-5-4"
"13638","4-5-5"
"17247","4-5-4"
"15632","4-5-1"
"15858","4-5-2"
"16885","4-5-4"
"16189","4-5-5"
"15482","4-5-1"
"15502","4-5-1"
"14987","4-2-4"
"17671","4-5-2"
"16616","4-5-3"
"14591","4-5-2"
"18188","4-5-2"
"16173","4-5-2"
"12757","4-5-1"
"14539","4-5-3"
"17345","4-5-3"
"14805","4-5-3"
"15428","4-5-5"
"16824","4-5-4"
"14607","4-5-1"
"17139","4-5-1"
"12705","4-5-1"
"13995","4-5-2"
"15382","4-5-1"
"17813","4-5-2"
"18172","4-5-1"
"13437","4-5-1"
"13332","4-5-4"
"13589","4-5-4"
"16327","4-5-1"
"17348","4-5-2"
"17302","4-5-2"
"13978","4-5-5"
"15473","4-4-2"
"17624","4-5-3"
"17562","4-5-2"
"14966","4-5-5"
"12681","4-5-1"
"17385","4-5-4"
"13525","4-5-3"
"16719","4-5-2"
"17557","4-5-3"
"14710","4-5-3"
"15872","4-5-4"
"16814","4-5-1"
"15186","4-5-4"
"12531","4-5-5"
"15134","4-5-2"
"13579","4-5-4"
"15737","4-5-2"
"13048","4-5-2"
"16856","4-2-5"
"12620","4-5-2"
"15117","4-5-2"
"14111","4-5-3"
"14703","4-5-4"
"14946","4-3-5"
"13184","4-5-2"
"12438","4-5-1"
"17329","4-5-3"
"13149","4-5-2"
"13256","4-1-5"
"15555","4-5-1"
"17365","4-5-1"
"16923","4-5-1"
"16942","4-5-2"
"14878","4-5-2"
"17236","4-5-3"
"17885","4-5-5"
"17769","4-5-1"
"15514","4-5-1"
"17812","4-5-3"
"18145","4-5-1"
"18156","4-5-3"
"13064","4-5-2"
"18001","4-5-4"
"17595","4-5-4"
"15009","4-5-2"
"18112","4-5-4"
"15987","4-5-2"
"13782","4-5-3"
"15747","4-5-2"
"15054","4-5-4"
"15436","4-5-2"
"16024","4-5-4"
"15861","4-5-1"
"14954","4-5-4"
"13546","4-5-3"
"16877","4-5-3"
"14859","4-5-2"
"13991","4-5-3"
"14577","4-5-3"
"13571","4-5-1"
"16983","4-5-2"
"17231","4-5-1"
"16005","4-5-3"
"17411","4-5-3"
"14093","4-5-4"
"15351","4-5-2"
"17068","4-5-1"
"13232","4-5-2"
"17864","4-5-3"
"13610","4-5-2"
"16407","4-5-1"
"17852","4-5-5"
"12657","4-5-2"
"13196","4-5-2"
"17988","4-5-5"
"14215","4-5-2"
"14470","4-5-4"
"17237","4-5-4"
"15721","4-5-3"
"17806","4-5-3"
"18229","4-5-1"
"15714","4-5-4"
"13844","4-5-4"
"15601","4-5-1"
"13418","4-5-1"
"15571","4-5-3"
"17523","4-5-3"
"13004","4-5-1"
"17299","4-5-3"
"13258","4-5-3"
"13238","4-5-3"
"16364","4-5-3"
"13188","4-2-5"
"13950","4-5-3"
"13389","4-5-3"
"17419","4-5-1"
"13030","4-5-3"
"15561","4-5-3"
"18041","4-5-1"
"12427","4-5-3"
"17929","4-4-3"
"14480","4-5-4"
"14597","4-5-3"
"17651","4-5-1"
"17359","4-5-5"
"16900","4-5-3"
"16347","4-5-3"
"15022","5-5-3"
"15511","5-5-3"
"18096","5-5-3"
"13266","5-5-1"
"17031","5-5-4"
"13758","5-5-1"
"16094","5-5-2"
"12906","5-5-1"
"12660","5-5-5"
"15838","5-5-1"
"17739","5-5-1"
"16800","5-5-2"
"17188","5-5-1"
"17019","5-5-2"
"16744","5-5-2"
"14511","5-5-2"
"14290","5-5-1"
"18101","5-5-5"
"14741","5-5-2"
"14901","5-5-2"
"17379","5-5-4"
"13590","5-5-2"
"15540","5-5-5"
"12674","5-5-2"
"14704","5-5-2"
"14321","5-5-2"
"16479","5-5-4"
"17655","5-5-1"
"15148","5-5-4"
"16168","5-5-1"
"12627","5-5-1"
"18118","5-5-1"
"15218","5-5-1"
"14711","5-5-1"
"15790","5-5-5"
"13496","5-5-3"
"15297","5-5-3"
"14836","5-5-5"
"13211","5-5-2"
"14866","5-5-1"
"13429","5-5-2"
"13576","5-5-1"
"12654","5-5-3"
"17658","5-5-3"
"13428","5-5-5"
"15239","5-5-3"
"12464","5-5-2"
"12798","5-5-1"
"14550","5-5-3"
"14961","5-5-1"
"14209","5-5-1"
"15089","5-5-1"
"14723","5-5-2"
"14554","5-5-1"
"17466","5-5-3"
"14390","5-5-1"
"16775","5-5-2"
"15619","5-3-4"
"17306","5-5-1"
"12451","5-5-1"
"14667","5-5-1"
"14785","5-2-5"
"15206","5-3-4"
"13137","5-5-1"
"15615","5-5-1"
"14408","5-5-1"
"13068","5-1-4"
"14205","5-5-4"
"13928","5-5-4"
"14180","5-5-1"
"17772","5-5-5"
"14824","5-5-2"
"14349","5-5-5"
"14601","5-5-5"
"13147","5-1-3"
"14125","5-5-1"
"17101","5-5-2"
"14173","5-5-4"
"14701","5-5-1"
"18161","5-5-2"
"13999","5-5-1"
"17468","5-5-5"
"12727","5-5-1"
"13657","5-5-4"
"14452","5-5-4"
"13467","5-5-2"
"13349","5-5-5"
"12670","5-5-1"
"14419","5-5-2"
"15783","5-5-5"
"16549","5-5-1"
"14235","5-5-1"
"14088","5-5-1"
"16992","5-5-2"
"16782","5-5-1"
"17711","5-5-4"
"16852","5-5-5"
"17682","5-5-1"
"16818","5-5-1"
"13198","5-5-1"
"17340","5-5-1"
"15712","5-5-2"
"12598","5-5-1"
"17727","5-5-2"
"14258","5-5-1"
"15073","5-5-2"
"14005","5-5-1"
"16915","5-5-3"
"15676","5-5-1"
"14540","5-5-2"
"18179","5-5-2"
"15113","5-5-1"
"16712","5-5-1"
"18230","5-5-1"
"16062","5-5-2"
"15793","5-5-2"
"12429","5-5-1"
"14713","5-5-1"
"17736","5-5-4"
"13658","5-5-1"
"15782","5-5-1"
"16657","5-5-3"
"15654","5-5-3"
"16717","5-5-1"
"16241","5-5-1"
"14448","5-5-4"
"14893","5-5-2"
"12966","5-5-5"
"16361","5-5-3"
"12494","5-5-2"
"13203","5-5-3"
"14644","5-5-3"
"17911","5-5-4"
"13212","5-5-3"
"12524","5-5-1"
"12630","5-5-2"
"13647","5-5-2"
"13784","5-5-1"
"15414","5-5-3"
"16101","5-5-2"
"12714","5-5-1"
"12488","5-5-2"
"14385","5-5-5"
"15152","5-5-1"
"17737","5-5-5"
"16115","5-5-2"
"13012","5-5-2"
"16295","5-5-2"
"14755","5-5-1"
"15680","5-5-2"
"15039","5-5-1"
"12953","5-5-4"
"18058","5-3-5"
"15903","5-5-1"
"15046","5-5-1"
"12528","5-5-2"
"17502","5-5-3"
"14432","5-5-1"
"16265","5-5-1"
"13050","5-5-1"
"15394","5-5-1"
"18059","5-5-4"
"17096","5-5-2"
"16956","5-5-4"
"15611","5-5-2"
"12784","5-5-3"
"15444","5-5-2"
"14618","5-5-3"
"14936","5-5-1"
"17288","5-5-2"
"15024","5-5-2"
"18241","5-5-1"
"15467","5-5-3"
"14733","5-5-1"
"14062","5-5-1"
"12787","5-5-4"
"15251","5-5-1"
"12882","5-5-2"
"14875","5-5-2"
"18158","5-5-4"
"14963","5-5-2"
"14156","5-5-1"
"14804","5-5-4"
"14950","5-5-4"
"16119","5-5-4"
"15101","5-5-4"
"13171","5-5-4"
"14853","5-5-4"
"17540","5-5-3"
"17014","5-5-3"
"15028","5-5-3"
"15060","5-5-4"
"13040","5-5-3"
"17321","5-5-3"
"17636","5-5-4"
"15862","5-5-3"
"17115","5-5-3"
"17566","5-5-3"
"14289","5-5-3"
"17044","5-5-2"
"15948","5-5-2"
"13509","5-5-2"
"16376","5-5-2"
"13410","5-5-2"
"12572","5-5-2"
"15434","5-5-2"
"14389","5-5-2"
"18130","5-5-2"
"12951","5-5-2"
"15197","5-5-2"
"13853","5-5-2"
"15745","5-5-2"
"15500","5-5-2"
"13310","5-5-2"
"17350","5-5-2"
"15602","5-5-2"
"14047","5-5-2"
"12919","5-5-2"
"14960","5-5-5"
"15563","5-5-2"
"13159","5-5-2"
"17063","5-5-2"
"16496","5-5-2"
"14178","5-5-2"
"15172","5-5-2"
"15380","5-5-2"
"16813","5-5-2"
"17828","5-5-2"
"16169","5-5-2"
"18122","5-5-2"
"12963","5-5-2"
"17293","5-5-2"
"15021","5-5-2"
"15531","5-5-2"
"14188","5-5-2"
"14287","5-5-5"
"16966","5-5-1"
"13365","5-5-1"
"16293","5-5-1"
"17768","5-5-1"
"14860","5-5-5"
"13115","5-5-1"
"14309","5-5-1"
"14440","5-5-1"
"15373","5-5-1"
"15904","5-5-5"
"17071","5-5-1"
"14766","5-5-1"
"14659","5-5-1"
"14243","5-5-1"
"14262","5-5-1"
"13644","5-5-1"
"18077","5-5-1"
"14732","5-5-1"
"16938","5-5-1"
"13971","5-5-1"
"14626","5-5-1"
"15993","5-5-1"
"15687","5-5-1"
"16156","5-5-1"
"14388","5-5-1"
"16011","5-5-1"
"15544","5-5-1"
"16242","5-5-1"
"17576","5-5-1"
"12553","5-5-1"
"16240","5-5-1"
"16570","5-5-1"
"12562","5-5-1"
"16145","5-5-1"
"14299","5-5-1"
"14146","5-5-1"
"17937","5-5-1"
"17450","5-5-1"
"14525","5-5-1"
"12664","5-5-1"
"14329","5-5-1"
"16700","5-5-1"
"16701","5-5-1"
"15144","5-5-1"
"13854","5-5-1"
"13090","5-5-1"
"16789","5-5-5"
"14367","5-5-1"
"16839","5-5-1"
"12901","5-5-1"
"17381","5-5-1"
"15539","5-5-3"
"14897","5-5-2"
"14895","5-5-1"
"16038","5-5-4"
"17686","5-5-1"
"16989","5-5-2"
"13297","5-5-1"
"13495","5-5-2"
"14688","5-5-1"
"14788","5-5-3"
"12762","5-5-2"
"18282","5-5-5"
"12364","5-5-2"
"18144","5-5-1"
"16103","5-5-2"
"13780","5-5-4"
"14250","5-5-2"
"12704","5-5-1"
"14865","5-4-5"
"13560","5-5-5"
"14031","5-5-1"
"17086","5-5-2"
"15078","5-5-1"
"13458","5-5-1"
"14594","5-5-4"
"15547","5-5-1"
"12536","5-5-1"
"17942","5-2-5"
"12700","5-5-1"
"14126","5-5-3"
"14292","5-5-1"
"13868","5-5-1"
"13705","5-5-3"
"12587","5-4-5"
"14493","5-5-1"
"13183","5-5-1"
"12465","5-5-3"
"17183","5-5-1"
"17495","5-5-3"
"13969","5-5-1"
"14092","5-5-1"
"16899","5-5-2"
"12962","5-5-4"
"12856","5-5-1"
"13953","5-5-1"
"12668","5-5-1"
"15123","5-5-1"
"16440","5-5-1"
"15271","5-5-1"
"13309","5-5-2"
"14428","5-5-2"
"17584","5-5-2"
"12695","5-5-3"
"17221","5-5-4"
"18245","5-5-1"
"16474","5-5-2"
"14560","5-5-1"
"13017","5-1-5"
"14023","5-5-3"
"17567","5-5-1"
"18055","5-5-1"
"15769","5-5-1"
"16759","5-5-3"
"12970","5-5-4"
"12684","5-5-1"
"12359","5-5-1"
"17157","5-5-4"
"17386","5-5-1"
"18097","5-5-1"
"13884","5-5-3"
"13352","5-5-4"
"18174","5-1-5"
"15570","5-5-1"
"16359","5-5-2"
"16333","5-5-1"
"17618","5-5-2"
"12952","5-5-2"
"17114","5-5-3"
"13153","5-5-4"
"14583","5-5-2"
"16931","5-5-1"
"12490","5-5-1"
"16561","5-5-3"
"16033","5-5-1"
"17954","5-5-1"
"16535","5-5-3"
"17173","5-5-1"
"13435","5-5-1"
"13558","5-5-3"
"14102","5-5-2"
"12673","5-5-3"
"12724","5-5-2"
"13319","5-5-1"
"13838","5-5-3"
"17629","5-5-2"
"17936","5-5-4"
"14354","5-5-5"
"13596","5-5-3"
"13822","5-5-3"
"14658","5-5-5"
"15773","5-5-3"
"13808","5-5-2"
"12560","5-5-1"
"13956","5-5-2"
"13736","5-5-3"
"12719","5-5-3"
"17858","5-5-1"
"14456","5-5-1"
"16283","5-5-2"
"17131","5-5-1"
"13704","5-5-1"
"17827","5-5-2"
"16905","5-5-1"
"16438","5-5-3"
"14720","5-5-3"
"13630","5-5-2"
"16988","5-5-5"
"15867","5-5-1"
"17750","5-5-2"
"16326","5-5-1"
"18065","5-5-1"
"12827","5-5-4"
"16200","5-5-2"
"17006","5-5-3"
"12628","5-5-3"
"14083","5-5-2"
"16684","5-5-1"
"16360","5-5-1"
"18015","5-5-5"
"16968","5-5-4"
"17404","5-5-1"
"17920","5-5-1"
"16600","5-5-3"
"16592","5-5-1"
"16149","5-5-4"
"12994","5-5-2"
"14401","5-5-1"
"12841","5-5-1"
"13305","5-5-2"
"16379","5-5-1"
"12957","5-5-1"
"14194","5-5-1"
"14629","5-5-2"
"16513","5-5-3"
"17817","5-5-4"
"16904","5-5-1"
"17254","5-5-4"
"14075","5-5-2"
"13079","5-2-5"
"17676","5-5-2"
"17579","5-5-4"
"14759","5-5-2"
"16910","5-5-2"
"16057","5-5-1"
"12646","5-5-2"
"17706","5-5-1"
"12381","5-5-2"
"14096","5-5-1"
"12367","5-5-5"
"17090","5-5-2"
"12782","5-5-1"
"13001","5-5-1"
"15621","5-5-2"
"13790","5-5-4"
"15856","5-5-1"
"12683","5-5-1"
"18180","5-5-2"
"14793","5-5-5"
"15358","5-5-1"
"14219","5-5-5"
"16597","5-5-5"
"14931","5-5-2"
"18030","5-5-5"
"12913","5-5-1"
"15290","5-5-1"
"17811","5-5-1"
"15932","5-5-1"
"16811","5-5-3"
"16873","5-5-1"
"13985","5-5-1"
"15550","5-5-3"
"15572","5-5-1"
"14546","5-5-1"
"15033","5-5-1"
"13173","5-5-4"
"13311","5-5-3"
"13021","5-5-1"
"17218","5-5-2"
"16746","5-5-1"
"16851","5-5-4"
"15392","5-5-2"
"17402","5-5-1"
"15145","5-5-2"
"14060","5-5-1"
"13417","5-5-3"
"13083","5-5-4"
"14696","5-5-1"
"15690","5-5-5"
"18044","5-5-1"
"14649","5-5-2"
"13230","5-5-1"
"15031","5-5-3"
"15628","5-5-1"
"18198","5-5-1"
"17383","5-5-5"
"16642","5-5-3"
"14608","5-5-2"
"15854","5-5-1"
"12925","5-5-3"
"13126","5-5-1"
"15097","5-5-5"
"15053","5-5-3"
"14198","5-5-3"
"17426","5-5-1"
"16500","5-5-4"
"15640","5-5-1"
"15274","5-5-3"
"16682","5-5-2"
"12753","5-5-1"
"16016","5-5-2"
"14071","5-5-2"
"16571","5-5-2"
"16620","5-5-5"
"18283","5-5-1"
"17861","5-5-1"
"12921","5-5-1"
"13755","5-5-1"
"18167","5-5-2"
"14825","5-5-1"
"16076","5-5-1"
"12442","5-5-5"
"13881","5-5-1"
"13255","5-5-4"
"14578","5-5-5"
"13994","5-5-1"
"17744","5-5-1"
"12584","5-5-1"
"16929","5-5-2"
"16143","5-5-1"
"16949","5-5-2"
"18154","5-5-4"
"17481","5-5-2"
"13507","5-5-1"
"13694","5-5-1"
"17346","5-5-1"
"15992","5-3-5"
"14121","5-5-1"
"14737","5-5-2"
"17857","5-5-1"
"16764","5-5-1"
"14572","5-5-1"
"17728","5-5-1"
"16528","5-5-5"
"13104","5-5-2"
"14868","5-5-1"
"17659","5-5-1"
"13362","5-5-1"
"18005","5-5-5"
"12716","5-5-2"
"14293","5-5-2"
"14907","5-5-1"
"14503","5-5-1"
"14543","5-5-1"
"15907","5-5-2"
"12417","5-5-1"
"15622","5-5-1"
"14282","5-5-1"
"16013","5-5-1"
"12820","5-5-2"
"14140","5-5-3"
"15822","5-5-3"
"17593","5-5-1"
"16313","5-5-4"
"17611","5-5-1"
"14547","5-5-1"
"16569","5-5-5"
"12749","5-5-1"
"16554","5-5-3"
"14298","5-5-1"
"15061","5-5-1"
"13323","5-5-3"
"17666","5-5-3"
"14869","5-5-3"
"12723","5-5-3"
"17884","5-5-3"
"17250","5-5-4"
"16015","5-5-3"
"14562","5-5-1"
"17914","5-5-4"
"12362","5-5-1"
"17730","5-5-1"
"16495","5-5-3"
"12478","5-5-3"
"18225","5-5-1"
"17883","5-5-3"
"14110","5-5-1"
"14735","5-5-1"
"13709","5-5-1"
"13225","5-5-1"
"13914","5-5-3"
"16353","5-5-1"
"17119","5-5-3"
"15023","5-5-1"
"12989","5-5-1"
"12766","5-5-1"
"15194","5-5-1"
"12479","5-5-3"
"17290","5-5-3"
"15318","5-5-4"
"14871","5-5-3"
"12650","5-5-4"
"12709","5-5-1"
"13199","5-5-1"
"12971","5-5-1"
"12682","5-5-1"
"14673","5-5-2"
"17705","5-5-2"
"12967","5-5-2"
"14216","5-5-2"
"14113","5-5-2"
"16711","5-5-2"
"16979","5-5-2"
"16133","5-5-1"
"16201","5-5-2"
"16987","5-5-2"
"14655","5-5-2"
"16790","5-5-2"
"12877","5-5-2"
"15157","5-5-2"
"14418","5-5-2"
"15814","5-5-2"
"15984","5-5-1"
"13267","5-5-1"
"14904","5-5-2"
"15568","5-5-3"
"14189","5-5-1"
"18219","5-5-1"
"15298","5-5-1"
"12912","5-5-2"
"17042","5-5-2"
"13685","5-5-1"
"16678","5-5-1"
"16271","5-5-2"
"17602","5-5-1"
"18272","5-5-1"
"16393","5-5-1"
"16191","5-5-1"
"13756","5-5-1"
"14032","5-5-1"
"14087","5-5-5"
"12826","5-5-2"
"17232","5-5-4"
"12839","5-5-1"
"14708","5-5-2"
"13109","5-5-3"
"17049","5-5-1"
"15969","5-5-3"
"16426","5-5-2"
"13089","5-5-1"
"13769","5-5-1"
"12720","5-5-1"
"13870","5-5-1"
"13534","5-5-1"
"12462","5-5-2"
"12950","5-5-2"
"13668","5-5-1"
"13882","5-5-2"
"18273","5-1-5"
"17590","5-5-2"
"17503","5-5-3"
"17266","5-5-4"
"17449","5-5-1"
"12583","5-5-1"
"14204","5-5-5"
"12785","5-5-4"
"17412","5-5-2"
"15750","5-5-1"
"16672","5-5-1"
"12471","5-5-1"
"14527","5-5-1"
"17017","5-5-1"
"13949","5-5-1"
"15136","5-5-2"
"18092","5-5-1"
"16971","5-5-4"
"16368","5-5-3"
"17434","5-5-1"
"15701","5-5-2"
"14794","5-5-2"
"15471","5-5-4"
"12615","5-5-1"
"13743","5-5-2"
"16779","5-5-1"
"12375","5-5-4"
"14769","5-5-1"
"13767","5-5-1"
"12783","5-5-1"
"17835","5-5-4"
"17870","5-5-2"
"12935","5-5-1"
"16817","5-5-2"
"16000","5-5-1"
"16539","5-5-2"
"14910","5-5-4"
"16525","5-5-1"
"17735","5-5-1"
"17091","5-5-1"
"14141","5-5-3"
"15195","5-1-1"
"14739","5-5-1"
"17097","5-5-2"
"17238","5-5-1"
"15883","5-5-4"
"12569","5-5-1"
"15525","5-5-3"
"14132","5-5-1"
"12747","5-5-1"
"14395","5-5-1"
"16458","5-5-1"
"13014","5-5-1"
"12347","5-5-1"
"18237","5-5-2"
"14534","5-5-1"
"14085","5-5-1"
"17511","5-5-1"
"12828","5-5-2"
"16161","5-5-1"
"16891","5-5-3"
"17526","5-5-2"
"17856","5-5-2"
"17924","5-5-1"
"13269","5-5-1"
"13521","5-5-2"
"17644","5-5-1"
"14251","5-5-1"
"16833","5-5-2"
"13954","5-5-4"
"15214","5-5-2"
"14129","5-5-2"
"14719","5-5-2"
"17675","5-5-1"
"14606","5-5-1"
"17757","5-5-1"
"13924","5-5-2"
"15453","5-5-2"
"15399","5-5-3"
"15484","5-5-1"
"13468","5-5-1"
"15898","5-5-2"
"13078","5-5-1"
"13436","5-5-5"
"14415","5-5-1"
"15796","5-5-1"
"15189","5-5-1"
"13318","5-5-3"
"13883","5-5-1"
"12358","5-5-2"
"17841","5-5-1"
"16019","5-5-1"
"13102","5-5-1"
"18223","5-5-1"
"14442","5-5-2"
"16442","5-5-3"
"16210","5-5-1"
"14646","5-5-1"
"16358","5-5-2"
"18210","5-5-1"
"12558","5-5-4"
"12476","5-5-1"
"16794","5-5-2"
"14653","5-5-2"
"13860","5-5-2"
"17677","5-5-1"
"13471","5-5-1"
"16933","5-5-3"
"17830","5-5-4"
"14520","5-3-4"
"17491","5-5-1"
"13394","5-5-1"
"13263","5-5-1"
"17631","5-5-3"
"14291","5-5-1"
"17554","5-5-2"
"14698","5-5-2"
"16892","5-5-3"
"13798","5-5-1"
"14796","5-5-1"
"12621","5-5-1"
"18109","5-5-1"
"14138","5-5-2"
"15520","5-5-4"
"15950","5-5-2"
"17673","5-5-2"
"14056","5-5-1"
"16688","5-5-2"
"14730","5-5-2"
"17144","5-5-2"
"17243","5-5-1"
"13536","5-5-1"
"13680","5-5-1"
"13298","5-2-4"
"15159","5-5-1"
"14217","5-5-2"
"17668","5-5-4"
"16322","5-5-4"
"17530","5-5-1"
"16523","5-5-1"
"14569","5-5-5"
"15208","5-5-3"
"15877","5-5-3"
"14621","5-5-2"
"17949","5-5-1"
"13314","5-5-3"
"15755","5-5-1"
"13890","5-5-2"
"14702","5-5-1"
"14911","5-5-1"
"14191","5-5-1"
"14135","5-5-1"
"15443","5-5-1"
"13077","5-5-3"
"13510","5-5-2"
"17451","5-5-2"
"12955","5-5-1"
"15187","5-5-1"
"15156","5-5-2"
"17405","5-5-2"
"13013","5-5-1"
"13098","5-5-1"
"15951","5-5-3"
"13404","5-5-4"
"15237","5-5-2"
"12437","5-5-1"
"13081","5-5-1"
"17436","5-5-5"
"17528","5-5-1"
"17522","5-5-2"
"12523","5-5-2"
"13599","5-5-1"
"13026","5-5-2"
"13408","5-5-1"
"16401","5-5-1"
"14397","5-5-1"
"17754","5-5-2"
"16446","5-3-1"
"12748","5-5-1"
"14051","5-5-1"
"15910","5-5-2"
"16705","5-5-1"
"12985","5-5-2"
"17428","5-5-1"
"12518","5-5-2"
"15344","5-5-3"
"12526","5-5-2"
"17315","5-5-1"
"13777","5-5-1"
"15498","5-5-1"
"12662","5-5-1"
"14441","5-5-2"
"15804","5-5-1"
"17490","5-5-1"
"17001","5-5-1"
"17581","5-5-1"
"12423","5-5-2"
"15694","5-5-1"
"14422","5-5-1"
"14446","5-5-2"
"13426","5-5-1"
"16954","5-5-1"
"16626","5-5-1"
"12680","5-5-3"
"17389","5-5-1"
"12433","5-5-1"
"13113","5-5-1"
"13069","5-5-1"
"18102","5-5-1"
"12713","5-5-3"
"16558","5-5-1"
"17364","5-5-1"
"15311","5-5-1"
